"","test","model","roi","class","Sensitivity","Specificity","Pos.Pred.Value","Neg.Pred.Value","Precision","Recall","F1","Prevalence","Detection.Rate","Detection.Prevalence","Balanced.Accuracy"
"1","primary","agnostic","IWP05-reg001","Tumor",0.634722401967128,0.698487558952675,0.841035754094144,0.432092555331992,0.841035754094144,0.634722401967128,0.723457609617583,0.715363606906448,0.454057306855529,0.539878720548072,0.666604980459902
"2","primary","agnostic","IWP05-reg002","Tumor",0.741050712628439,0.61047780742178,0.649880095923261,0.707287373548145,0.649880095923261,0.741050712628439,0.692477447829958,0.493841306215984,0.365961451896714,0.563121496091992,0.67576426002511
"3","primary","agnostic","IWP05-reg003","Tumor",0.716688755224794,0.625955146921787,0.700164334445496,0.644492772163234,0.700164334445496,0.716688755224794,0.708330184639412,0.549293014139717,0.393672126557469,0.562256754864903,0.67132195107329
"4","primary","agnostic","IWP05-reg004","Tumor",0.815807474659536,0.672612601133975,0.718534341110746,0.780917159763314,0.718534341110746,0.815807474659536,0.764087480707068,0.506041915790799,0.412832777393165,0.574548429731261,0.744210037896755
"5","primary","agnostic","IWP05-reg005","Tumor",0.853902140997716,0.732281205164993,0.775050631690616,0.822695035460993,0.775050631690616,0.853902140997716,0.812567933065393,0.519283822555727,0.443417567865813,0.572114323548885,0.793091673081354
"6","primary","agnostic","IWP05-reg006","Tumor",0.682273382358376,0.797326330866555,0.878772013326987,0.538188849500483,0.878772013326987,0.682273382358376,0.768155436749808,0.682875744423135,0.465907943878066,0.530180680327041,0.739799856612465
"7","primary","agnostic","IWP05-reg007","Tumor",0.762083660423909,0.816787347560976,0.876047441021013,0.668929463171036,0.876047441021013,0.762083660423909,0.815101355403622,0.629509354041652,0.479738792799153,0.547617366749029,0.789435503992443
"8","primary","agnostic","IWP05-reg008","Tumor",0.898991070393135,0.656506610995129,0.676794133053955,0.890391996476436,0.676794133053955,0.898991070393135,0.772226926333616,0.444473080590706,0.399577330481173,0.590397154712507,0.777748840694132
"9","primary","agnostic","IWP05-reg010","Tumor",0.74671827667452,0.669169510807736,0.753182821252758,0.661493477282951,0.753182821252758,0.74671827667452,0.7499366179329,0.574828286736964,0.429234787655993,0.569894553545516,0.707943893741128
"10","primary","agnostic","IWP06-reg001","Tumor",0.633438818565401,0.645916398713826,0.723566623154935,0.546344647519582,0.723566623154935,0.633438818565401,0.675509725802672,0.594015978277897,0.376272779489322,0.520025063965328,0.639677608639614
"11","primary","agnostic","IWP06-reg005","Tumor",0.635855263157895,0.65198983911939,0.668395573997234,0.618757892320055,0.668395573997234,0.635855263157895,0.651719487525287,0.52452982113073,0.333525047449244,0.498993500891471,0.643922551138643
"12","primary","agnostic","IWP06-reg006","Tumor",0.642408233901084,0.66564631799895,0.648492092681133,0.659703562451244,0.648492092681133,0.642408233901084,0.645435827041867,0.489849640833445,0.314683442644894,0.485254093606389,0.654027275950017
"13","primary","agnostic","IWP06-reg007","Tumor",0.798471700556923,0.704302382109869,0.717027215631542,0.788328118623317,0.717027215631542,0.798471700556923,0.755561002512409,0.484105586557151,0.386544610947395,0.539093360085272,0.751387041333396
"14","primary","agnostic","IWP07-reg001","Tumor",0.70676451818762,0.514658513948791,0.19945970283656,0.911173400347961,0.19945970283656,0.70676451818762,0.311117353746752,0.146100414899072,0.103258589343154,0.51769148291455,0.610711516068205
"15","primary","agnostic","IWP07-reg002","Tumor",0.811670160726764,0.625170377101318,0.413124666548106,0.910805891113685,0.413124666548106,0.811670160726764,0.547554507955215,0.245328304474541,0.199125664323676,0.481998971369793,0.718420268914041
"16","primary","agnostic","IWP07-reg003","Tumor",0.617240215924426,0.560249837958871,0.328987592159684,0.80733633353146,0.328987592159683,0.617240215924426,0.429208211143695,0.258875933446875,0.159788637058387,0.485698065417704,0.588745026941649
"17","primary","agnostic","IWP07-reg004","Tumor",0.560113421550094,0.517736104835065,0.40970685840708,0.663241678726483,0.40970685840708,0.560113421550094,0.473247085130171,0.37406307452977,0.209517748550417,0.511384528355254,0.53892476319258
"18","primary","agnostic","IWP07-reg006","Tumor",0.579735682819383,0.550453720508167,0.650289425384724,0.475988700564972,0.650289425384724,0.579735682819383,0.61298908703753,0.590486807878112,0.342326272761055,0.526421404682274,0.565094701663775
"19","primary","agnostic","IWP07-reg007","Tumor",0.718154761904762,0.569748967270416,0.416177992411176,0.825582466157105,0.416177992411176,0.718154761904762,0.526970954356846,0.299265197060788,0.214918726341572,0.516410598975729,0.643951864587589
"20","primary","agnostic","IWP07-reg009","Tumor",0.636711972238288,0.604877258365065,0.643598363051739,0.597710351453046,0.643598363051739,0.636711972238288,0.640136647768571,0.528443170964661,0.336466093600764,0.522788920725883,0.620794615301677
"21","primary","agnostic","IWP08-reg001","Tumor",0.988630211153221,0.745236760997478,0.33424858136555,0.998030018761726,0.33424858136555,0.988630211153221,0.499589603283174,0.114556844259753,0.113254357129566,0.338832723438566,0.86693348607535
"22","primary","agnostic","IWP08-reg002","Tumor",0.853860880663689,0.614586105935587,0.235480464625132,0.967998882057015,0.235480464625132,0.853860880663689,0.369154366119465,0.122059510827232,0.104221841408319,0.442592304097211,0.734223493299638
"23","primary","agnostic","IWP08-reg003","Tumor",0.901907356948229,0.627687194931976,0.155874735107134,0.988227599738391,0.155874735107134,0.901907356948229,0.265810078297531,0.0708289105471389,0.0638811155070925,0.409823410209399,0.764797275940103
"24","primary","agnostic","IWP08-reg004","Tumor",0.868725868725869,0.595037904893177,0.0711349984192222,0.992185704435762,0.0711349984192223,0.868725868725869,0.131502045587376,0.0344689912163961,0.029944104338568,0.42094756454618,0.731881886809523
"25","primary","agnostic","IWP08-reg006","Tumor",0.967239527389903,0.77163564018758,0.528462441314554,0.988890912402113,0.528462441314554,0.967239527389903,0.683491461100569,0.209236992920553,0.20238229014496,0.382964378020002,0.869437583788742
"26","primary","agnostic","IWP08-reg007","Tumor",0.925642181162686,0.7923979040173,0.766990291262136,0.935211544124865,0.766990291262136,0.925642181162686,0.838880947518889,0.424709316235227,0.393128857840088,0.512560409588976,0.859020042589993
"27","primary","agnostic","IWP08-reg008","Tumor",0.803967576791809,0.820053475935829,0.84849167041873,0.769443050677371,0.84849167041873,0.803967576791809,0.825629791894852,0.556241101091599,0.447199810156621,0.527052681537731,0.812010526363819
"28","primary","agnostic","IWP08-reg009","Tumor",0.799653656587185,0.765101772816809,0.807506053268765,0.756042173560422,0.807506053268765,0.799653656587185,0.803560671976441,0.552025884256195,0.441429516876241,0.546657842488418,0.782377714701997
"29","primary","agnostic","IWP09-reg002","Tumor",0.815078442765834,0.689157435381,0.858344806486156,0.617257967528563,0.858344806486156,0.815078442765834,0.836152298636465,0.69796208050289,0.568893845685897,0.662780087194565,0.752117939073417
"30","primary","agnostic","IWP09-reg003","Tumor",0.805920938465276,0.640927563949319,0.755621359539228,0.705637732273517,0.755621359539227,0.805920938465276,0.779961037216176,0.579412001287001,0.466960263835264,0.617981821106821,0.723424251207297
"31","primary","agnostic","IWP09-reg004","Tumor",0.793943178270372,0.620467763890608,0.768335977037541,0.655082309903319,0.768335977037541,0.793943178270372,0.780929714790219,0.613219738668454,0.486861628296559,0.633657205762696,0.70720547108049
"32","primary","agnostic","IWP09-reg005","Tumor",0.855876518720555,0.618323191345504,0.709798478305573,0.797297297297297,0.709798478305573,0.855876518720555,0.776022931654676,0.521699760688183,0.446510574995149,0.629066683914365,0.73709985503303
"33","primary","agnostic","IWP09-reg006","Tumor",0.792473215089583,0.65532242964921,0.808388183070565,0.632474089821951,0.808388183070565,0.792473215089583,0.800351589731155,0.647261072261072,0.512937062937063,0.63451825951826,0.723897822369396
"34","primary","agnostic","IWP10-reg001","Tumor",0.899280575539568,0.746660922016372,0.840099452235733,0.833573833573834,0.840099452235733,0.899280575539568,0.868683216839399,0.596788603762347,0.536680399066859,0.638829602422197,0.82297074877797
"35","primary","agnostic","IWP10-reg002","Tumor",0.903321033210332,0.756747031306225,0.824797843665768,0.860615485349484,0.824797843665768,0.903321033210332,0.862275449101796,0.559028879720724,0.504982545223739,0.612250079339892,0.830034032258279
"36","primary","agnostic","IWP10-reg003","Tumor",0.868545100124048,0.765587072612525,0.878792225489493,0.74850827230811,0.878792225489493,0.868545100124048,0.87363861606745,0.661795749870995,0.574799455833372,0.654078904160998,0.817066086368286
"37","primary","agnostic","IWP10-reg004","Tumor",0.876829127779698,0.778648262140148,0.865100416824555,0.796122059758423,0.865100416824555,0.876829127779698,0.870925286588971,0.618162393162393,0.542022792022792,0.626543209876543,0.827738694959923
"38","primary","agnostic","IWP10-reg005","Tumor",0.892974297970513,0.777480191942864,0.861335187760779,0.824350706975093,0.861335187760779,0.892974297970513,0.876869435939187,0.607515931936141,0.542496112826577,0.629831592317631,0.835227244956688
"39","primary","agnostic","IWP10-reg006","Tumor",0.883379522133174,0.784289198824192,0.872434071827496,0.801073208125719,0.872434071827496,0.883379522133174,0.877872680920747,0.625471410836008,0.552528636012274,0.633318498044084,0.833834360478683
"40","primary","agnostic","IWP10-reg007","Tumor",0.86382645060115,0.778061224489796,0.926808749298934,0.637186629526462,0.926808749298934,0.86382645060115,0.894209956709957,0.764894042383047,0.660735705717713,0.712914834066373,0.820943837545473
"41","primary","agnostic","IWP11-reg003","Tumor",0.715282181357007,0.697373503283121,0.715865820489574,0.696767969126869,0.715865820489574,0.715282181357007,0.71557388191581,0.515961673288151,0.36905819116616,0.515541014255667,0.706327842320064
"42","primary","agnostic","IWP11-reg004","Tumor",0.76328090221101,0.771815718157182,0.907186948853615,0.527368343085697,0.907186948853616,0.76328090221101,0.829035377548553,0.745031922832426,0.568668638235538,0.626848345816865,0.767548310184096
"43","primary","agnostic","IWP11-reg005","Tumor",0.850368862884762,0.704462253883447,0.848383330795391,0.707683132889375,0.848383330795391,0.850368862884762,0.849374936477284,0.660405886701163,0.561588602916471,0.661951481755258,0.777415558384105
"44","primary","agnostic","IWP11-reg006","Tumor",0.769927536231884,0.608678343949045,0.463720676486634,0.857543466068424,0.463720676486634,0.769927536231884,0.578821927136534,0.305309734513274,0.235066371681416,0.506913716814159,0.689302940090464
"45","recurrent","agnostic","IWR05-reg001","Tumor",0.805278700627538,0.563215918257596,0.349459351221466,0.908483691880638,0.349459351221466,0.805278700627538,0.487404345640395,0.225627784949819,0.18169324948986,0.519926706367384,0.684247309442567
"46","recurrent","agnostic","IWR05-reg002","Tumor",0.824507306609465,0.613659721573391,0.426490984743412,0.909380408445829,0.426490984743412,0.824507306609465,0.562182915124092,0.258409838905249,0.213060800277152,0.499566949592933,0.719083514091428
"47","recurrent","agnostic","IWR05-reg003","Tumor",0.727459339965261,0.776107594936709,0.890585733616857,0.531995661605206,0.890585733616857,0.727459339965261,0.800799582826352,0.71470488658165,0.519918745062634,0.583794154158673,0.751783467450985
"48","recurrent","agnostic","IWR05-reg004","Tumor",0.8041217380208,0.646812350931477,0.696991483243004,0.765720390720391,0.696991483243004,0.8041217380208,0.746733817212265,0.502565253639454,0.404123645225422,0.5798114538575,0.725467044476138
"49","recurrent","agnostic","IWR05-reg005","Tumor",0.785090042372881,0.581037661311562,0.42706907728877,0.871740161213845,0.42706907728877,0.785090042372881,0.553207371121997,0.28458378867242,0.223423898707465,0.52315634774089,0.683063851842222
"50","recurrent","agnostic","IWR05-reg006","Tumor",0.822928279450019,0.635309873464487,0.528678006565204,0.878311945348911,0.528678006565204,0.822928279450019,0.643773392928522,0.332037756801777,0.27324325991733,0.516842494910235,0.729119076457253
"51","recurrent","agnostic","IWR05-reg007","Tumor",0.841116173120729,0.560405300077942,0.466077627011676,0.885467980295567,0.466077627011676,0.841116173120729,0.599796954314721,0.313291703835861,0.263514719000892,0.565388046387154,0.700760736599336
"52","recurrent","agnostic","IWR05-reg008","Tumor",0.795778815175225,0.631432274789371,0.680326025857223,0.758269126002024,0.680326025857223,0.795778815175225,0.733537379920604,0.49639348542707,0.395019419693854,0.580632527171252,0.713605544982298
"53","recurrent","agnostic","IWR05-reg009","Tumor",0.808526909473282,0.657363049364716,0.719952332311883,0.759110042092604,0.719952332311883,0.808526909473282,0.761673195551353,0.521407566166575,0.421572048048647,0.58555550017445,0.732944979418999
"54","recurrent","agnostic","IWR06-reg001","Tumor",0.657052548399842,0.534989778267023,0.35995670995671,0.79672131147541,0.35995670995671,0.657052548399842,0.465109774856663,0.284701912260967,0.187064116985377,0.519685039370079,0.596021163333432
"55","recurrent","agnostic","IWR06-reg002","Tumor",0.904257666004853,0.762736893920748,0.809599051945487,0.877158222473818,0.809599051945487,0.904257666004853,0.85431429762401,0.527338296882271,0.476849697533737,0.588994881340158,0.833497279962801
"56","recurrent","agnostic","IWR06-reg003","Tumor",0.717367775452774,0.792373540856031,0.881695636750621,0.565164298401421,0.881695636750621,0.717367775452774,0.7910881241297,0.683247880102544,0.490140011831986,0.55590613291264,0.754870658154403
"57","recurrent","agnostic","IWR06-reg004","Tumor",0.641052631578947,0.724777835859906,0.801918735891648,0.537403100775194,0.801918735891648,0.641052631578947,0.712518803275948,0.634784268804887,0.406930126002291,0.507445589919817,0.682915233719427
"58","recurrent","agnostic","IWR06-reg005","Tumor",0.678335970464135,0.863306676585457,0.933327285921626,0.487553828379372,0.933327285921626,0.678335970464135,0.785659743433109,0.738281820394256,0.500803115113166,0.53657824288148,0.770821323524796
"59","recurrent","agnostic","IWR06-reg006","Tumor",0.751824107403444,0.665228113440197,0.670309653916211,0.747525732383215,0.670309653916211,0.751824107403444,0.708730741012472,0.475153700365183,0.357232006656497,0.532935792539176,0.708526110421821
"60","recurrent","agnostic","IWR06-reg007","Tumor",0.736631016042781,0.866475233309404,0.959512407488028,0.433704635285663,0.959512407488028,0.736631016042781,0.833427869162413,0.811169852243459,0.597532872441372,0.622746373864715,0.801553124676092
"61","recurrent","agnostic","IWR07-reg001","Tumor",0.51233045622688,0.656862745098039,0.487104337631887,0.679237631792376,0.487104337631887,0.51233045622688,0.499399038461538,0.388782358581016,0.199185043144775,0.408916586768936,0.58459660066246
"62","recurrent","agnostic","IWR07-reg002","Tumor",0.60200845665962,0.634238108035474,0.625996152789228,0.610450077599586,0.625996152789228,0.60200845665962,0.613768018321433,0.504197201865423,0.303530979347102,0.484876748834111,0.618123282347547
"63","recurrent","agnostic","IWR07-reg003","Tumor",0.742881794650561,0.735064935064935,0.894080996884735,0.487091222030981,0.894080996884735,0.742881794650561,0.811498586239397,0.750647668393782,0.557642487046632,0.623704663212435,0.738973364857748
"64","recurrent","agnostic","IWR07-reg004","Tumor",0.533998358482227,0.647159090909091,0.772984829098885,0.381670436458072,0.772984829098885,0.533998358482227,0.631641835629738,0.692294243629529,0.369683989684864,0.478255168495127,0.590578724695659
"65","recurrent","agnostic","IWR07-reg005","Tumor",0.560698689956332,0.734870317002882,0.874659400544959,0.336411609498681,0.874659400544959,0.560698689956332,0.683342203299627,0.767426273458445,0.43029490616622,0.491957104557641,0.647784503479607
"66","recurrent","agnostic","IWR08-reg001","Tumor",0.871037076840408,0.704358068315665,0.682813816343724,0.882005899705015,0.682813816343724,0.871037076840408,0.765525383707202,0.422186932849365,0.367740471869329,0.538566243194192,0.787697572578037
"67","recurrent","agnostic","IWR08-reg002","Tumor",0.905707640007157,0.781347798873357,0.82847790507365,0.876638576779026,0.82847790507365,0.905707640007157,0.865373108812719,0.538335580812946,0.487574648429975,0.588518589867078,0.843527719440257
"68","recurrent","agnostic","IWR08-reg003","Tumor",0.846501128668172,0.594913714804723,0.456760048721072,0.905947441217151,0.456760048721072,0.846501128668172,0.593354430379747,0.286917098445596,0.242875647668394,0.531735751295337,0.720707421736447
"69","recurrent","agnostic","IWR08-reg004","Tumor",0.847054194944428,0.800635095954715,0.856404136833731,0.788550448735382,0.856404136833731,0.847054194944428,0.851703505909113,0.583974727168294,0.494658242389431,0.577599080987938,0.823844645449571
"70","recurrent","agnostic","IWR08-reg005","Tumor",0.787145557655955,0.742069682787311,0.807602792862684,0.717085427135678,0.807602792862684,0.787145557655955,0.7972429638139,0.579028021015762,0.455779334500876,0.564360770577933,0.764607620221633
"71","recurrent","agnostic","IWR08-reg006","Tumor",0.818181818181818,0.783716594157862,0.851091142490372,0.740458015267176,0.851091142490372,0.818181818181818,0.834312080536913,0.601732673267327,0.492326732673267,0.578465346534653,0.80094920616984
"72","recurrent","agnostic","IWR08-reg007","Tumor",0.821766965428937,0.816687938736439,0.933174363149936,0.59530177927666,0.933174363149936,0.821766965428937,0.873934475339742,0.7569883301671,0.622068002946536,0.666614973054705,0.819227452082688
"73","recurrent","agnostic","IWR09-reg001","Tumor",0.666883062489529,0.679922114880551,0.881668927711177,0.363363483550788,0.881668927711177,0.666883062489529,0.759380477161355,0.781474511087472,0.521152115211521,0.591097291547337,0.67340258868504
"74","recurrent","agnostic","IWR09-reg002","Tumor",0.793502908409741,0.541076487252125,0.550908655327013,0.786927772126144,0.550908655327013,0.793502908409741,0.65031814968185,0.415024857300681,0.329323431330428,0.597782278688189,0.667289697830933
"75","recurrent","agnostic","IWR09-reg003","Tumor",0.629381694255112,0.599122985926983,0.663657754010695,0.562604740244194,0.663657754010695,0.629381694255112,0.646065426982904,0.556891098056936,0.350497062810664,0.528129236330773,0.614252340091048
"76","recurrent","agnostic","IWR09-reg004","Tumor",0.636857621827851,0.59000190077932,0.62997483989021,0.597152751058099,0.62997483989021,0.636857621827851,0.633397533561388,0.522912762227193,0.333020978175443,0.528625838824739,0.613429761303585
"77","recurrent","agnostic","IWR09-reg005","Tumor",0.684696016771489,0.631034482758621,0.656086781840097,0.660649819494585,0.656086781840096,0.684696016771489,0.670086171522364,0.506907545164718,0.347077577045696,0.529011689691817,0.657865249765055
"78","recurrent","agnostic","IWR09-reg006","Tumor",0.66723259762309,0.614428857715431,0.550677253619804,0.722772277227723,0.550677253619804,0.66723259762309,0.603377686796315,0.414594087282966,0.276630689816987,0.502346316283435,0.64083072766926
"79","recurrent","agnostic","IWR10-reg001","Tumor",0.68362480127186,0.720306513409962,0.815423514538559,0.557449962935508,0.815423514538559,0.68362480127186,0.743730181608533,0.643807574206755,0.440122824974411,0.539747526441488,0.701965657340911
"80","recurrent","agnostic","IWR10-reg002","Tumor",0.607811228641172,0.63716814159292,0.784663865546218,0.427553444180523,0.784663865546218,0.607811228641172,0.685006877579092,0.685061315496098,0.416387959866221,0.530657748049052,0.622489685117046
"81","recurrent","agnostic","IWR10-reg003","Tumor",0.794561243144424,0.631626701231367,0.550245291976579,0.844248094248094,0.550245291976579,0.794561243144424,0.650210378681627,0.361922090811347,0.287569266396493,0.522620130675709,0.713093972187896
"82","recurrent","agnostic","IWR10-reg004","Tumor",0.798146718146718,0.682926829268293,0.711747693155213,0.775236457437661,0.711747693155213,0.798146718146718,0.752475247524753,0.495182012847966,0.39522789843989,0.555292138268584,0.740536773707505
"83","recurrent","agnostic","IWR10-reg005","Tumor",0.76778413736713,0.581834876425128,0.462106299212598,0.842641843971631,0.462106299212598,0.76778413736713,0.576958525345622,0.318755212677231,0.244735195996664,0.529608006672227,0.674809506896129
"84","recurrent","agnostic","IWR10-reg006","Tumor",0.818885448916409,0.5702674048769,0.503740987620732,0.85530035335689,0.503740987620732,0.818885448916409,0.623768213593868,0.347552071324264,0.284605333948198,0.564983475520713,0.694576426896654
"85","recurrent","agnostic","IWR10-reg007","Tumor",0.870935960591133,0.639580602883355,0.681835711531045,0.848203939745075,0.681835711531045,0.870935960591133,0.764871295695436,0.47001620745543,0.409354017133596,0.600370456124103,0.755258281737244
"86","recurrent","agnostic","IWR10-reg008","Tumor",0.82700751292809,0.624810462471569,0.68162444712505,0.788070762610567,0.68162444712505,0.82700751292809,0.747310879915359,0.492716696312677,0.407480409595693,0.597807797702034,0.72590898769983
"87","recurrent","agnostic","IWR10-reg009","Tumor",0.8823186717157,0.70661065664382,0.695362718089991,0.887777777777778,0.695362718089991,0.8823186717157,0.777763512646039,0.43149824032177,0.380718954248366,0.547511312217195,0.794464664179761
"88","recurrent","agnostic","IWR11-reg002","Tumor",0.738372093023256,0.549180327868853,0.535864978902954,0.748603351955307,0.535864978902954,0.738372093023256,0.621026894865526,0.413461538461538,0.305288461538462,0.569711538461538,0.643776210446054
"89","recurrent","agnostic","IWR11-reg003","Tumor",0.718122815776336,0.635014272121789,0.789462129527991,0.541720779220779,0.789462129527991,0.718122815776336,0.752104575163399,0.655861165684348,0.470988867059594,0.596594629993451,0.676568543949062
"90","recurrent","agnostic","IWR11-reg004","Tumor",0.876188294582522,0.654672745034191,0.78292907583666,0.78812230497844,0.78292907583666,0.876188294582522,0.826937628364501,0.587036912526054,0.514354871243192,0.656962280642776,0.765430519808356
"91","recurrent","agnostic","IWR11-reg005","Tumor",0.690884476534296,0.713371266002845,0.716928119878249,0.6871431833752,0.716928119878249,0.690884476534296,0.703665402734689,0.512369942196532,0.353988439306358,0.493757225433526,0.702127871268571
"92","recurrent","agnostic","IWR11-reg006","Tumor",0.670023881216904,0.661900307363357,0.718356896359791,0.609150166031238,0.718356896359791,0.670023881216904,0.693349092081229,0.562755638658408,0.377059717190604,0.524891901367302,0.66596209429013
"93","recurrent","agnostic","IWR11-reg007","Tumor",0.797079721009061,0.639818613690348,0.785659213569776,0.655603495961943,0.785659213569776,0.797079721009061,0.791328264034946,0.623541844490509,0.49701255944397,0.632605779782953,0.718449167349704
"94","primary","agnostic","IWP05-reg001","Lymphoid",0.983870967741935,0.913095956547978,0.0315571650284532,0.999949161159126,0.0315571650284532,0.983870967741935,0.0611528822055138,0.00286997176318104,0.00282368189603296,0.0894783131972411,0.948483462144957
"95","primary","agnostic","IWP05-reg002","Lymphoid",0.846518987341772,0.928376391514388,0.238839285714286,0.995630040095508,0.238839285714286,0.846518987341772,0.372562674094708,0.0258624217375292,0.021893031059459,0.0916642795760527,0.88744768942808
"96","primary","agnostic","IWP05-reg003","Lymphoid",0.794223826714801,0.913512129916669,0.126400459638035,0.996463361667804,0.126400459638035,0.794223826714801,0.218091697645601,0.0155116897662047,0.0123197536049279,0.0974660506789864,0.853867978315735
"97","primary","agnostic","IWP05-reg004","Lymphoid",0.674540682414698,0.950281874064401,0.141364136413641,0.995861148197597,0.141364136413641,0.674540682414698,0.233742610277399,0.0119894266473661,0.0080873560324753,0.0572093901441249,0.81241127823955
"98","primary","agnostic","IWP05-reg005","Lymphoid",0.49003984063745,0.9857848144365,0.495468277945619,0.985477237271309,0.495468277945619,0.49003984063745,0.492739108662995,0.0276980798940631,0.0135731626572501,0.0273946148753035,0.737912327536975
"99","primary","agnostic","IWP05-reg006","Lymphoid",0.759510869565217,0.964016144249921,0.448815736651947,0.990467727603199,0.448815736651947,0.759510869565217,0.564219025990411,0.0371454527102049,0.0282123750883214,0.0628595942263046,0.861763506907569
"100","primary","agnostic","IWP05-reg007","Lymphoid",0.571428571428571,0.989389159736163,0.455882352941177,0.993305981429497,0.455882352941176,0.571428571428571,0.507157464212679,0.015319449346982,0.00875397105541828,0.0192022590893046,0.780408865582367
"101","primary","agnostic","IWP05-reg008","Lymphoid",0.71858774662513,0.915243934668851,0.177481405488587,0.992235401982694,0.177481405488587,0.71858774662513,0.284656519950638,0.0248189479652586,0.0178345918919615,0.100487100847916,0.816915840646991
"102","primary","agnostic","IWP05-reg010","Lymphoid",0.81992337164751,0.956890217018567,0.195612431444241,0.997599591419816,0.195612431444241,0.81992337164751,0.315867158671587,0.0126245525781174,0.0103511657153913,0.0529167069749444,0.888406794333038
"103","primary","agnostic","IWP06-reg001","Lymphoid",0.892307692307692,0.925652310594153,0.039268788083954,0.999603937988005,0.039268788083954,0.892307692307692,0.0752269779507134,0.00339407863819122,0.00302856247715524,0.0771239099785912,0.908980001450923
"104","primary","agnostic","IWP06-reg005","Lymphoid",0.51027397260274,0.977244808423516,0.276951672862454,0.991512849427266,0.276951672862454,0.51027397260274,0.359036144578313,0.0167941565537471,0.00856962098119285,0.0309426583079312,0.743759390513128
"105","primary","agnostic","IWP06-reg006","Lymphoid",0.403470715835141,0.98410167638484,0.34766355140187,0.987430295273791,0.347663551401869,0.403470715835141,0.373493975903614,0.0205684201133271,0.00829875518672199,0.0238700754026681,0.69378619610999
"106","primary","agnostic","IWP06-reg007","Lymphoid",0.721739130434783,0.981713307767883,0.301452784503632,0.996910401647786,0.301452784503632,0.721739130434783,0.425277540563621,0.0108157251238322,0.00780613204589629,0.025895040441407,0.851726219101333
"107","primary","agnostic","IWP07-reg001","Lymphoid",0.595918367346939,0.980194284636424,0.257950530035336,0.995259755805602,0.257950530035336,0.595918367346939,0.360049321824908,0.011421378956692,0.00680620950072258,0.0263857162836231,0.788056325991681
"108","primary","agnostic","IWP07-reg002","Lymphoid",0.950819672131147,0.933993968117191,0.0703883495145631,0.999723298284449,0.0703883495145631,0.950819672131147,0.131073446327684,0.0052288702211555,0.00497171266929539,0.0706326075775759,0.942406820124169
"109","primary","agnostic","IWP07-reg003","Lymphoid",0.833333333333333,0.912345516119101,0.0634398496240601,0.998700110731308,0.0634398496240602,0.833333333333333,0.117903930131004,0.00707454473994498,0.00589545394995415,0.0929298222629809,0.872839424726217
"110","primary","agnostic","IWP07-reg004","Lymphoid",0.691729323308271,0.981172673480366,0.344569288389513,0.995524506058291,0.344569288389513,0.691729323308271,0.46,0.0141069155706406,0.00975816716164616,0.028319898175647,0.836450998394318
"111","primary","agnostic","IWP07-reg006","Lymphoid",0.819148936170213,0.976467015865786,0.426987060998152,0.996050797584017,0.426987060998152,0.819148936170213,0.561360874848117,0.020958751393534,0.0171683389074693,0.0402081010776663,0.897807976018
"112","primary","agnostic","IWP07-reg007","Lymphoid",0.695852534562212,0.966813562370717,0.169853768278965,0.996939627190949,0.169853768278965,0.695852534562212,0.273056057866184,0.00966377198842129,0.00672456023157426,0.0395902916945001,0.831333048466464
"113","primary","agnostic","IWP07-reg009","Lymphoid",0.858823529411765,0.957071674971253,0.0611902766135792,0.999519654150989,0.0611902766135792,0.858823529411765,0.114241001564945,0.00324737344794651,0.00278892072588348,0.045577841451767,0.907947602191509
"114","primary","agnostic","IWP08-reg001","Lymphoid",0.854810495626822,0.979597244303127,0.979422768572956,0.855886097928001,0.979422768572956,0.854810495626822,0.912883741204309,0.531848911492898,0.45463003163183,0.464181603919866,0.917203869964974
"115","primary","agnostic","IWP08-reg002","Lymphoid",0.601912045889101,0.95478443743428,0.901489117983963,0.77723090092018,0.901489117983963,0.601912045889101,0.721852786058243,0.407384327776912,0.245209534195358,0.272004985200187,0.77834824166169
"116","primary","agnostic","IWP08-reg003","Lymphoid",0.723680721294086,0.942202669902913,0.877491961414791,0.856335309527092,0.877491961414791,0.723680721294086,0.793198662985031,0.363890765222426,0.263340731448422,0.300106146868667,0.8329416955985
"117","primary","agnostic","IWP08-reg004","Lymphoid",0.568096054888508,0.957599478147423,0.894651539708266,0.777679675083878,0.894651539708266,0.568096054888508,0.694922366764583,0.38794250731967,0.220388607931861,0.246340165025286,0.762847766517965
"118","primary","agnostic","IWP08-reg006","Lymphoid",0.871559633027523,0.956054319124858,0.930819477434679,0.916470800940155,0.930819477434679,0.871559633027523,0.90021536252692,0.404202719406675,0.352286773794808,0.37846949095404,0.913806976076191
"119","primary","agnostic","IWP08-reg007","Lymphoid",0.845982594616474,0.951372352425116,0.843422114608555,0.952267452800602,0.843422114608555,0.845982594616474,0.84470041426695,0.23642279534906,0.200009569835877,0.237140533039858,0.898677473520795
"120","primary","agnostic","IWP08-reg008","Lymphoid",0.865514650638618,0.933493025221925,0.70935960591133,0.973691945914168,0.70935960591133,0.865514650638618,0.779695431472081,0.157925961082107,0.136687233032748,0.192691029900332,0.899503837930271
"121","primary","agnostic","IWP08-reg009","Lymphoid",0.81145071028842,0.952021993614757,0.776999175597692,0.960798353172827,0.776999175597692,0.81145071028842,0.793851337123605,0.170821383925289,0.138613133318626,0.178395470255166,0.881736351951589
"122","primary","agnostic","IWP09-reg002","Lymphoid",0.771428571428571,0.962115796997856,0.127058823529412,0.998304725577453,0.127058823529412,0.771428571428571,0.218181818181818,0.007097232079489,0.00547500760417723,0.0430903376254689,0.866772184213214
"123","primary","agnostic","IWP09-reg003","Lymphoid",0.537414965986395,0.976109076109076,0.212080536912752,0.994361291927526,0.212080536912752,0.537414965986395,0.304138594802695,0.0118243243243243,0.00635456885456885,0.0299629987129987,0.756762021047735
"124","primary","agnostic","IWP09-reg004","Lymphoid",0.838709677419355,0.959301764876073,0.13347022587269,0.9987449169135,0.13347022587269,0.838709677419355,0.230292294065545,0.00741875269228928,0.00622217967740392,0.046618484659934,0.899005721147714
"125","primary","agnostic","IWP09-reg005","Lymphoid",0.692307692307692,0.978958630527817,0.0768136557610242,0.999205797676958,0.0768136557610242,0.692307692307692,0.138284250960307,0.00252247590712114,0.00174632947416079,0.022734622598797,0.835633161417755
"126","primary","agnostic","IWP09-reg006","Lymphoid",0.847058823529412,0.973704245973646,0.138195777351248,0.999218703047058,0.138195777351248,0.847058823529412,0.237623762376238,0.00495337995337995,0.0041958041958042,0.0303613053613054,0.910381534751529
"127","primary","agnostic","IWP10-reg001","Lymphoid",0.549828178694158,0.996600254980876,0.540540540540542,0.996724836241812,0.540540540540541,0.549828178694158,0.545144804088586,0.00722191889611357,0.00397081451332705,0.00734600684965504,0.773214216837517
"128","primary","agnostic","IWP10-reg002","Lymphoid",0.734567901234568,0.995574937471943,0.632978723404258,0.997237746515064,0.632978723404255,0.734567901234568,0.68,0.010282450015868,0.00755315772770549,0.0119327197715011,0.865071419353255
"129","primary","agnostic","IWP10-reg003","Lymphoid",0.678048780487805,0.99464988569139,0.379781420765028,0.998438535061985,0.379781420765027,0.678048780487805,0.486865148861646,0.00480836890744476,0.0032603086738284,0.00858469765914528,0.836349333089598
"130","primary","agnostic","IWP10-reg004","Lymphoid",0.754658385093168,0.993564285372506,0.474609375,0.998101326667948,0.474609375,0.754658385093168,0.58273381294964,0.00764482431149098,0.00576923076923077,0.0121557454890788,0.874111335232837
"131","primary","agnostic","IWP10-reg005","Lymphoid",0.617594254937163,0.995277790094444,0.617594254937162,0.995277790094444,0.617594254937163,0.617594254937163,0.617594254937163,0.0121980596982239,0.00753345159100366,0.0121980596982239,0.806436022515804
"132","primary","agnostic","IWP10-reg006","Lymphoid",0.54,0.994254096616301,0.470588235294119,0.995643114226179,0.470588235294118,0.54,0.50291036088475,0.00936965636785271,0.00505961443864046,0.010751680682111,0.767127048308151
"133","primary","agnostic","IWP10-reg007","Lymphoid",0.99390243902439,0.942174796747967,0.222677595628415,0.999892148403796,0.222677595628415,0.99390243902439,0.363839285714286,0.0163934426229508,0.0162934826069572,0.0731707317073171,0.968038617886179
"134","primary","agnostic","IWP11-reg003","Lymphoid",0.609271523178808,0.970397286821705,0.429505135387489,0.98548514072033,0.429505135387488,0.609271523178808,0.503833515881709,0.0352886188361767,0.0215003505491937,0.0500584248656228,0.789834405000257
"135","primary","agnostic","IWP11-reg004","Lymphoid",0.574074074074074,0.991924479964356,0.348314606741572,0.996781956570405,0.348314606741573,0.574074074074074,0.433566433566434,0.00746248030734363,0.00428401647273431,0.0122992730991404,0.782999277019215
"136","primary","agnostic","IWP11-reg005","Lymphoid",0.605815831987076,0.993960813917579,0.680580762250454,0.991646982301188,0.680580762250454,0.605815831987076,0.641025641025641,0.020798333445333,0.012599959680129,0.0185135407566696,0.799888322952327
"137","primary","agnostic","IWP11-reg006","Lymphoid",0.75,0.975169300225734,0.380281690140845,0.994818652849741,0.380281690140845,0.75,0.504672897196262,0.0199115044247788,0.0149336283185841,0.0392699115044248,0.862584650112867
"138","recurrent","agnostic","IWR05-reg001","Lymphoid",0.894736842105263,0.952634001422654,0.0826580226904376,0.999473198999078,0.0826580226904376,0.894736842105263,0.1513353115727,0.00474742847624204,0.0042476991629534,0.051388831049848,0.923685421763958
"139","recurrent","agnostic","IWR05-reg002","Lymphoid",0.951807228915663,0.956535334584115,0.0593984962406015,0.9998547303432,0.0593984962406015,0.951807228915663,0.111818825194621,0.00287545470292742,0.00273687857266586,0.0460765633119695,0.954171281749889
"140","recurrent","agnostic","IWR05-reg003","Lymphoid",0.870967741935484,0.973725934314836,0.104247104247104,0.999534991862358,0.104247104247104,0.870967741935484,0.186206896551724,0.00349847646992439,0.00304706015122447,0.0292292066358199,0.92234683812516
"141","recurrent","agnostic","IWR05-reg004","Lymphoid",0.841463414634146,0.971149506801625,0.133591481122943,0.999137730905714,0.133591481122943,0.841463414634146,0.230576441102757,0.00525876996087988,0.00442506252805746,0.0331238376194446,0.906306460717885
"142","recurrent","agnostic","IWR05-reg005","Lymphoid",0.788990825688073,0.925874072952929,0.0420537897310513,0.999060917850727,0.0420537897310513,0.788990825688073,0.0798514391829155,0.00410747258544673,0.00324075818668275,0.0770622150205374,0.857432449320501
"143","recurrent","agnostic","IWR05-reg006","Lymphoid",0.849420849420849,0.96081967722877,0.148648648648649,0.998739414312496,0.148648648648649,0.849420849420849,0.253018976423232,0.00798938861126535,0.00678635326053427,0.0456536492072305,0.90512026332481
"144","recurrent","agnostic","IWR05-reg007","Lymphoid",0.842105263157895,0.906673901247965,0.110344827586207,0.997611940298507,0.110344827586207,0.842105263157895,0.195121951219512,0.0135593220338983,0.0114183764495986,0.103479036574487,0.87438958220293
"145","recurrent","agnostic","IWR05-reg008","Lymphoid",0.816455696202532,0.974115022473016,0.140522875816993,0.999024258941489,0.140522875816993,0.816455696202532,0.239776951672862,0.00515682626717582,0.00421032018016254,0.0299618133751102,0.895285359337774
"146","recurrent","agnostic","IWR05-reg009","Lymphoid",0.879120879120879,0.978219507310234,0.155339805825243,0.999437282586454,0.155339805825243,0.879120879120879,0.264026402640264,0.00453571250560734,0.00398743956536909,0.0256691422020635,0.928670193215557
"147","recurrent","agnostic","IWR06-reg001","Lymphoid",0.120525451559934,0.996578272027374,0.948320413436692,0.685052334470187,0.948320413436692,0.120525451559934,0.213869463869464,0.34251968503937,0.0412823397075366,0.0435320584926884,0.558551861793654
"148","recurrent","agnostic","IWR06-reg002","Lymphoid",0.612021857923497,0.984655182550415,0.300268096514746,0.995778583744575,0.300268096514745,0.612021857923497,0.402877697841727,0.0106444858073523,0.00651465798045603,0.021696137738483,0.798338520236956
"149","recurrent","agnostic","IWR06-reg003","Lymphoid",0.612244897959184,0.985980382443278,0.174927113702624,0.998094378416328,0.174927113702624,0.612244897959184,0.272108843537415,0.00483139420232696,0.00295799645040426,0.0169098797081444,0.799112640201231
"150","recurrent","agnostic","IWR06-reg004","Lymphoid",0.236994219653179,0.989153359445616,0.532467532467532,0.961346998535871,0.532467532467532,0.236994219653179,0.328,0.0495418098510882,0.0117411225658648,0.0220504009163803,0.613073789549398
"151","recurrent","agnostic","IWR06-reg005","Lymphoid",0.808510638297872,0.976438356164384,0.445486518171161,0.995429616087751,0.445486518171161,0.808510638297872,0.574452003023432,0.0228766123144317,0.0184959844244342,0.0415186176685325,0.892474497231128
"152","recurrent","agnostic","IWR06-reg006","Lymphoid",0.570902394106814,0.952394499762921,0.235920852359208,0.988532900241154,0.235920852359209,0.570902394106814,0.3338718362951,0.0251005408403827,0.0143299588591504,0.0607405352933019,0.761648446934867
"153","recurrent","agnostic","IWR06-reg007","Lymphoid",0.621951219512195,0.972297976173389,0.569196428571429,0.977630249675278,0.569196428571429,0.621951219512195,0.594405594405594,0.0555781482987664,0.0345668971126474,0.0607292937508472,0.797124597842792
"154","recurrent","agnostic","IWR07-reg001","Lymphoid",0.884615384615385,0.952669902912621,0.190871369294606,0.998473670821674,0.190871369294606,0.884615384615385,0.313993174061433,0.012464046021093,0.011025886864813,0.0577660594439118,0.918642643764003
"155","recurrent","agnostic","IWR07-reg002","Lymphoid",0.615384615384615,0.952066783358018,0.118811881188119,0.995775242923532,0.118811881188119,0.615384615384615,0.199170124481328,0.0103930712858095,0.00639573617588274,0.0538307794803464,0.783725699371317
"156","recurrent","agnostic","IWR07-reg003","Lymphoid",0.857142857142857,0.988939492517892,0.260869565217392,0.999342537804076,0.260869565217391,0.857142857142857,0.4,0.00453367875647668,0.0038860103626943,0.0148963730569948,0.923041174830375
"157","recurrent","agnostic","IWR07-reg004","Lymphoid",0.634920634920635,0.967696567485606,0.098159509202454,0.99791515591008,0.098159509202454,0.634920634920635,0.170031880977683,0.00550723370776695,0.00349665632239171,0.0356221862843656,0.80130860120312
"158","recurrent","agnostic","IWR07-reg005","Lymphoid",0.642857142857143,0.962110960757781,0.138461538461538,0.996496145760336,0.138461538461538,0.642857142857143,0.227848101265823,0.00938337801608579,0.00603217158176944,0.0435656836461126,0.802484051807462
"159","recurrent","agnostic","IWR08-reg001","Lymphoid",0.87962962962963,0.955581395348837,0.332167832167832,0.996846191169335,0.332167832167832,0.87962962962963,0.482233502538071,0.0245009074410163,0.021551724137931,0.0648820326678766,0.917605512489233
"160","recurrent","agnostic","IWR08-reg002","Lymphoid",0.88235294117647,0.942332378789375,0.278121137206428,0.996866186148543,0.278121137206428,0.88235294117647,0.422932330827068,0.0245617414756309,0.021672124831439,0.0779233288383741,0.912342659982923
"161","recurrent","agnostic","IWR08-reg003","Lymphoid",0.428571428571429,0.957122093023256,0.549618320610687,0.932059447983015,0.549618320610687,0.428571428571429,0.481605351170569,0.10880829015544,0.0466321243523316,0.0848445595854922,0.692846760797342
"162","recurrent","agnostic","IWR08-reg004","Lymphoid",0.696610169491525,0.961890606420927,0.390684410646388,0.989057341973346,0.390684410646388,0.696610169491525,0.500609013398295,0.0338885697874785,0.0236071223434808,0.0604250430786904,0.829250387956227
"163","recurrent","agnostic","IWR08-reg005","Lymphoid",0.594285714285714,0.968586387434555,0.429752066115702,0.983587609801202,0.429752066115702,0.594285714285714,0.498800959232614,0.0383099824868652,0.0227670753064799,0.0529772329246935,0.781436050860135
"164","recurrent","agnostic","IWR08-reg006","Lymphoid",0.491666666666667,0.975255102040816,0.378205128205128,0.984294541709578,0.378205128205128,0.491666666666667,0.427536231884058,0.0297029702970297,0.0146039603960396,0.0386138613861386,0.733460884353741
"165","recurrent","agnostic","IWR08-reg007","Lymphoid",0.728915662650602,0.974948296718305,0.158584534731324,0.998202157411107,0.158584534731324,0.728915662650602,0.260495156081808,0.00643585468925678,0.00469119528554259,0.0295816694451983,0.851931979684454
"166","recurrent","agnostic","IWR09-reg001","Lymphoid",0.904761904761905,0.975854996581681,0.414713015359742,0.998157971039211,0.414713015359741,0.904761904761905,0.568736141906874,0.0185582194583095,0.0167907699860895,0.0404876851321496,0.940308450671793
"167","recurrent","agnostic","IWR09-reg002","Lymphoid",0.970491803278689,0.972166179437559,0.179611650485437,0.999809447185112,0.179611650485437,0.970491803278689,0.303123399897593,0.00623989852492891,0.00605577037173428,0.0337159107183044,0.971328991358124
"168","recurrent","agnostic","IWR09-reg003","Lymphoid",0.985294117647059,0.953656770456191,0.0316784869976359,0.999976272392929,0.0316784869976359,0.985294117647059,0.0613834173156207,0.00153637596023498,0.00151378219611387,0.047785811116132,0.969475444051625
"169","recurrent","agnostic","IWR09-reg004","Lymphoid",0.98671096345515,0.961136023916293,0.189051559516232,0.9998730602012,0.189051559516232,0.98671096345515,0.317307692307692,0.00909860347016504,0.00897769179614292,0.0474880599721903,0.973923493685721
"170","recurrent","agnostic","IWR09-reg005","Lymphoid",0.956521739130435,0.941798376762067,0.0747028862478777,0.999773268336923,0.0747028862478778,0.956521739130435,0.138582677165354,0.0048884165781084,0.00467587672688629,0.0625929861849097,0.949160057946251
"171","recurrent","agnostic","IWR09-reg006","Lymphoid",0.775,0.924198947871832,0.163588390501319,0.995364408962143,0.163588390501319,0.775,0.270152505446623,0.0187705302674801,0.014547160957297,0.0889253871421868,0.849599473935916
"172","recurrent","agnostic","IWR10-reg001","Lymphoid",0.864864864864865,0.951969592259848,0.187134502923977,0.998188405797101,0.187134502923977,0.864864864864865,0.307692307692308,0.0126236779256227,0.0109177755032412,0.0583418628454452,0.908417228562356
"173","recurrent","agnostic","IWR10-reg002","Lymphoid",0.631578947368421,0.975774647887324,0.218181818181818,0.995974698102358,0.218181818181818,0.631578947368421,0.324324324324324,0.0105908584169454,0.00668896321070234,0.0306577480490524,0.803676797627872
"174","recurrent","agnostic","IWR10-reg003","Lymphoid",0.926605504587156,0.983558671340344,0.338926174496644,0.9993216314763,0.338926174496644,0.926605504587156,0.496314496314496,0.00901496981225705,0.00835332065172442,0.0246464312298404,0.95508208796375
"175","recurrent","agnostic","IWR10-reg004","Lymphoid",0.840909090909091,0.987262124002455,0.182266009852217,0.999456226209897,0.182266009852217,0.840909090909091,0.299595141700405,0.00336494340776996,0.00282961150198838,0.015524625267666,0.914085607455773
"176","recurrent","agnostic","IWR10-reg005","Lymphoid",0.515337423312883,0.975607169371089,0.267515923566879,0.991485233886613,0.267515923566879,0.515337423312883,0.352201257861635,0.0169933277731443,0.00875729774812344,0.0327356130108424,0.745472296341986
"177","recurrent","agnostic","IWR10-reg006","Lymphoid",0.688212927756654,0.977408220897396,0.38592750533049,0.993461967788232,0.38592750533049,0.688212927756654,0.494535519125683,0.0202136653600799,0.0139113058181539,0.0360464222580893,0.832810574327025
"178","recurrent","agnostic","IWR10-reg007","Lymphoid",0.410071942446043,0.994019138755981,0.695121951219514,0.98064668397451,0.695121951219512,0.410071942446043,0.515837104072398,0.0321833757814309,0.0131974994211623,0.0189858763602686,0.702045540601012
"179","recurrent","agnostic","IWR10-reg008","Lymphoid",0.649553571428571,0.987274603252592,0.529090909090909,0.992247296429806,0.529090909090909,0.649553571428571,0.583166332665331,0.0215374260852844,0.0139897120330753,0.0264410364886304,0.818414087340582
"180","recurrent","agnostic","IWR10-reg009","Lymphoid",0.876447876447876,0.981421332986878,0.613513513513514,0.995781703137358,0.613513513513513,0.876447876447876,0.721780604133545,0.0325540472599296,0.0285319255907491,0.0465057817998994,0.928934604717377
"181","recurrent","agnostic","IWR11-reg002","Lymphoid",0.714285714285714,0.99493670886076,0.88235294117647,0.984962406015038,0.88235294117647,0.714285714285714,0.789473684210526,0.0504807692307692,0.0360576923076923,0.0408653846153846,0.854611211573237
"182","recurrent","agnostic","IWR11-reg003","Lymphoid",0.846153846153846,0.989498018494055,0.408921933085502,0.99866675554963,0.408921933085502,0.846153846153846,0.551378446115288,0.00851342501637197,0.00720366732154551,0.0176162409954158,0.917825932323951
"183","recurrent","agnostic","IWR11-reg004","Lymphoid",0.580858085808581,0.997079101993683,0.671755725190836,0.995692579025912,0.67175572519084,0.580858085808581,0.623008849557522,0.0101862435285417,0.00591676191756875,0.00880790694547166,0.788968593901132
"184","recurrent","agnostic","IWR11-reg005","Lymphoid",0.84,0.991616766467066,0.782608695652174,0.994236311239193,0.782608695652174,0.84,0.810289389067524,0.0346820809248555,0.0291329479768786,0.0372254335260116,0.915808383233533
"185","recurrent","agnostic","IWR11-reg006","Lymphoid",0.860714285714286,0.994950695021979,0.739263803680981,0.997676912080057,0.739263803680982,0.860714285714286,0.795379537953795,0.0163608741381325,0.0140820380974641,0.0190487320322543,0.927832490368133
"186","recurrent","agnostic","IWR11-reg007","Lymphoid",0.7455919395466,0.996323225646534,0.768831168831171,0.995829548269882,0.768831168831169,0.7455919395466,0.757033248081841,0.0161362435475349,0.0120310531236028,0.015648498150632,0.870957582596567
"187","primary","agnostic","IWP05-reg001","Myeloid",0.592938430113802,0.672975352112676,0.254764292878636,0.897629705731269,0.254764292878636,0.592938430113802,0.356397439270367,0.158635374716475,0.0940610100449012,0.369207980373096,0.632956891113239
"188","primary","agnostic","IWP05-reg002","Myeloid",0.657913165266106,0.699735878782262,0.224787654025601,0.939233735539246,0.224787654025601,0.657913165266106,0.335086937137762,0.116871956459467,0.0768915988050906,0.342063264721529,0.678824522024184
"189","primary","agnostic","IWP05-reg003","Myeloid",0.568924746139936,0.719273645095702,0.338072408662589,0.868780962865732,0.338072408662589,0.568924746139936,0.424119873489915,0.201287974240515,0.114517709645807,0.338737225255495,0.644099195617819
"190","primary","agnostic","IWP05-reg004","Myeloid",0.651940498825635,0.745500722511713,0.500730177819775,0.845458608531559,0.500730177819775,0.651940498825635,0.566417257798076,0.281358172320473,0.183428787211278,0.36632261312858,0.698720610668674
"191","primary","agnostic","IWP05-reg005","Myeloid",0.820570037529161,0.757550494524234,0.558393152954169,0.918704044117647,0.558393152954169,0.820570037529161,0.664558261798168,0.271987419995586,0.223184727433238,0.399691017435445,0.789060266026697
"192","primary","agnostic","IWP05-reg006","Myeloid",0.752744380554104,0.654224084511198,0.269360269360269,0.93984739296312,0.269360269360269,0.752744380554104,0.396748863479818,0.144821843141213,0.109013828606036,0.404713838699909,0.703484232532651
"193","primary","agnostic","IWP05-reg007","Myeloid",0.81999324552516,0.670564084255623,0.396796862232391,0.933755903554561,0.396796862232391,0.81999324552516,0.534801762114537,0.209036357218496,0.171408400988352,0.431980232968585,0.745278664890392
"194","primary","agnostic","IWP05-reg008","Myeloid",0.705033731188376,0.823253102928067,0.568547037161031,0.894164525378915,0.568547037161031,0.705033731188376,0.629476903118195,0.248318342310765,0.175072807401871,0.30793020798433,0.764143417058221
"195","primary","agnostic","IWP05-reg010","Myeloid",0.646179751631236,0.704013062865038,0.394449441089554,0.869598945000388,0.394449441089554,0.646179751631236,0.489867560236158,0.229805552868337,0.148495695075941,0.376463190480797,0.675096407248137
"196","primary","agnostic","IWP06-reg001","Myeloid",0.680819180819181,0.638229634381013,0.180124223602484,0.94483770718232,0.180124223602484,0.680819180819181,0.284878252690981,0.104537622056289,0.0711712182131481,0.395122970079891,0.659524407600097
"197","primary","agnostic","IWP06-reg005","Myeloid",0.622163914184288,0.636872020535387,0.504379379379379,0.739435870143693,0.504379379379379,0.622163914184288,0.557114228456914,0.372634727094956,0.231839880370392,0.459653764306666,0.629517967359837
"198","primary","agnostic","IWP06-reg006","Myeloid",0.642193910602462,0.636377461789978,0.554333643988816,0.71633998116922,0.554333643988816,0.642193910602462,0.595038015206082,0.41324231472806,0.265381698121626,0.478740016954446,0.63928568619622
"199","primary","agnostic","IWP06-reg007","Myeloid",0.698705068095557,0.676111595466434,0.457228431587406,0.851776593991982,0.457228431587406,0.698705068095557,0.552744292842319,0.280832654084896,0.196219198695843,0.429149162956925,0.687408331780996
"200","primary","agnostic","IWP07-reg001","Myeloid",0.462801204819277,0.599926569575327,0.652788104089219,0.40727816550349,0.652788104089219,0.462801204819277,0.541617096276713,0.619085357325999,0.286513449256445,0.438907277050021,0.531363887197302
"201","primary","agnostic","IWP07-reg002","Myeloid",0.539655754303071,0.666898954703833,0.625831702544031,0.583892617449664,0.625831702544031,0.539655754303071,0.579557810801015,0.507971884107663,0.274129950282873,0.438025030001714,0.603277354503452
"202","primary","agnostic","IWP07-reg003","Myeloid",0.436710677382319,0.620774294321098,0.641644702161307,0.414790517369912,0.641644702161307,0.436710677382319,0.519704538661885,0.608585527752304,0.265775798069785,0.414210227520852,0.528742485851708
"203","primary","agnostic","IWP07-reg004","Myeloid",0.471892728210418,0.569641764665896,0.502905150753769,0.538976074093131,0.502905150753769,0.471892728210418,0.486905621650386,0.479882619148635,0.22645311837081,0.4502899165606,0.520767246438157
"204","primary","agnostic","IWP07-reg006","Myeloid",0.468297455968689,0.61426003594967,0.426407697790449,0.653576437587658,0.426407697790449,0.468297455968689,0.44637194553255,0.379784466740988,0.17785209959123,0.417094017094017,0.54127874595918
"205","primary","agnostic","IWP07-reg007","Myeloid",0.513405590416429,0.634916645723381,0.553392088542734,0.596912656533039,0.553392088542734,0.513405590416429,0.532649437758927,0.468403473613894,0.240480961923848,0.434558004898686,0.574161118069905
"206","primary","agnostic","IWP07-reg009","Myeloid",0.517349101863215,0.627004415524053,0.419372343311929,0.713851038497156,0.419372343311929,0.517349101863215,0.463236763236763,0.342425978987584,0.177153772683859,0.422425978987584,0.572176758693634
"207","primary","agnostic","IWP08-reg001","Myeloid",0.735364601163985,0.93629753067717,0.718634994981599,0.941145119537079,0.718634994981599,0.735364601163985,0.726903553299493,0.181169757489301,0.133225826459096,0.185387334863239,0.835831065920578
"208","primary","agnostic","IWP08-reg002","Myeloid",0.538205980066445,0.808533077660594,0.39356210142727,0.883499214248298,0.39356210142727,0.538205980066445,0.454657077705666,0.187568157033806,0.100950303785636,0.256504128368905,0.67336952886352
"209","primary","agnostic","IWP08-reg003","Myeloid",0.591504565303692,0.826491585925548,0.52262364082778,0.863019169329074,0.52262364082778,0.591504565303692,0.554934823091248,0.243076329248287,0.143780758467625,0.275113384155167,0.70899807561462
"210","primary","agnostic","IWP08-reg004","Myeloid",0.497605109100585,0.760248447204969,0.409011373578303,0.819433817903596,0.409011373578303,0.497605109100585,0.448979591836735,0.250066542454086,0.124434389140271,0.304232100079851,0.628926778152777
"211","primary","agnostic","IWP08-reg006","Myeloid",0.706741299586274,0.921688947329973,0.730382293762576,0.912820141802923,0.730382293762575,0.706741299586274,0.718367346938775,0.230868636925497,0.163164400494438,0.223395887178335,0.814215123458124
"212","primary","agnostic","IWP08-reg007","Myeloid",0.717425931825422,0.84954954954955,0.457351746547522,0.944475743348983,0.457351746547522,0.717425931825422,0.558601016991194,0.150198574094454,0.107756351978564,0.235609359299488,0.783487740687486
"213","primary","agnostic","IWP08-reg008","Myeloid",0.703544575725027,0.779911964785914,0.284164859002169,0.954924056834885,0.284164859002169,0.703544575725027,0.404820766378245,0.11046511627907,0.0777171333649739,0.273493118177504,0.741728270255471
"214","primary","agnostic","IWP08-reg009","Myeloid",0.677621283255086,0.777696615534453,0.240221914008322,0.958775265159096,0.240221914008322,0.677621283255086,0.354699979520786,0.0939774983454666,0.0636811530259578,0.265093021545702,0.72765894939477
"215","primary","agnostic","IWP09-reg002","Myeloid",0.507606490872211,0.783677607400836,0.369645494830133,0.86429070580014,0.369645494830133,0.507606490872211,0.427777777777778,0.199939166582176,0.101490418736693,0.274561492446517,0.645642049136524
"216","primary","agnostic","IWP09-reg003","Myeloid",0.520556350992023,0.744616525484156,0.460244740490687,0.787802890853677,0.460244740490687,0.520556350992023,0.488546199129767,0.294944498069498,0.153535231660232,0.333594755469755,0.63258643823809
"217","primary","agnostic","IWP09-reg004","Myeloid",0.420509291121817,0.757575757575758,0.400655737704918,0.772324748191712,0.400655737704918,0.420509291121817,0.410342511752854,0.27817929450055,0.116976977935194,0.29196381563203,0.589042524348787
"218","primary","agnostic","IWP09-reg005","Myeloid",0.480927375408699,0.746123193624274,0.478603825675409,0.747882579403272,0.478603825675409,0.480927375408699,0.479762787249815,0.326401914494535,0.156975616066231,0.327986546795162,0.613525284516486
"219","primary","agnostic","IWP09-reg006","Myeloid",0.503767660910518,0.754775425916365,0.403191355697952,0.822225971542658,0.403191355697952,0.503767660910518,0.447902854351316,0.247474747474747,0.124669774669775,0.309207459207459,0.629271543413442
"220","primary","agnostic","IWP10-reg001","Myeloid",0.816808837924766,0.749751078659144,0.413229571984436,0.94992163308995,0.413229571984436,0.816808837924766,0.548811425349995,0.177470591155011,0.144959547327145,0.350796644661736,0.783279958291955
"221","primary","agnostic","IWP10-reg002","Myeloid",0.831763122476447,0.749788502598397,0.472436931962966,0.943000455996352,0.472436931962966,0.831763122476447,0.602600216684724,0.212218343383053,0.176515391939067,0.373627419866709,0.790775812537422
"222","primary","agnostic","IWP10-reg003","Myeloid",0.803414195867026,0.739701637486849,0.316643059490085,0.961632882093007,0.316643059490085,0.803414195867026,0.454254508509017,0.130529624243561,0.104869353098466,0.331191068161561,0.771557916676937
"223","primary","agnostic","IWP10-reg004","Myeloid",0.843008144169122,0.71856172109274,0.32229214971845,0.966475485661425,0.32229214971845,0.843008144169122,0.466308827758075,0.137013295346629,0.115503323836657,0.35838081671415,0.780784932630931
"224","primary","agnostic","IWP10-reg005","Myeloid",0.848191475057147,0.739889080730393,0.38816072857055,0.961614307085543,0.38816072857055,0.848191475057147,0.532590341100979,0.162867091518297,0.138142478593172,0.355889888969187,0.79404027789377
"225","primary","agnostic","IWP10-reg006","Myeloid",0.856628365631967,0.726424308193163,0.331255388288348,0.96972330870636,0.331255388288348,0.856628365631967,0.477761836441894,0.136586165702373,0.117003583893561,0.353212620927128,0.791526336912565
"226","primary","agnostic","IWP10-reg007","Myeloid",0.263513513513513,0.799107142857143,0.0193164933135215,0.986349405134627,0.0193164933135215,0.263513513513513,0.0359944623904015,0.0147940823670532,0.0038984406237505,0.201819272291084,0.531310328185328
"227","primary","agnostic","IWP11-reg003","Myeloid",0.685550604710376,0.651360748111737,0.357134961865812,0.879980563654033,0.357134961865812,0.685550604710376,0.469622093023256,0.220285113344239,0.151016592661837,0.422855807431643,0.668455676411056
"228","primary","agnostic","IWP11-reg004","Myeloid",0.72745450909818,0.717735728030789,0.292467240131843,0.9425911886109,0.292467240131843,0.72745450909818,0.417201834862385,0.138221718581576,0.100550012437467,0.343799231640917,0.722595118564485
"229","primary","agnostic","IWP11-reg005","Myeloid",0.72433734939759,0.76311885053881,0.331312685991403,0.944704915655663,0.331312685991403,0.72433734939759,0.454662330787265,0.139439553793428,0.101001276795914,0.304851824474162,0.7437280999682
"230","primary","agnostic","IWP11-reg006","Myeloid",0.569591950810509,0.694581280788177,0.646163601775523,0.622363903874448,0.646163601775523,0.569591950810509,0.605466428995841,0.494745575221239,0.281803097345133,0.436117256637168,0.632086615799343
"231","recurrent","agnostic","IWR05-reg001","Myeloid",0.510544815465729,0.67316224445411,0.629779266850611,0.558095924990984,0.629779266850611,0.510544815465729,0.563928350833848,0.521300961978928,0.266147503435639,0.422604422604423,0.59185352995992
"232","recurrent","agnostic","IWR05-reg002","Myeloid",0.583846637335009,0.720108066383636,0.719241192411924,0.584890282131661,0.719241192411924,0.583846637335009,0.644509973980919,0.551186558115365,0.321808418499913,0.44742768058202,0.651977351859323
"233","recurrent","agnostic","IWR05-reg003","Myeloid",0.685589519650655,0.664593053395542,0.232730506967092,0.934402332361516,0.232730506967092,0.685589519650655,0.347498893315626,0.129217921227852,0.0885904525448595,0.380656810743708,0.675091286523098
"234","recurrent","agnostic","IWR05-reg004","Myeloid",0.619277440706012,0.690440377705356,0.377394957983193,0.856839157938401,0.377394957983193,0.619277440706012,0.468984962406015,0.232540242416469,0.144006926184827,0.381581478868723,0.654858909205684
"235","recurrent","agnostic","IWR05-reg005","Myeloid",0.499031476997579,0.703824132324875,0.596066711655259,0.615998515219005,0.596066711655259,0.499031476997579,0.543250010982735,0.466895278290688,0.232995440328598,0.390888193842559,0.601427804661227
"236","recurrent","agnostic","IWR05-reg006","Myeloid",0.617944219251013,0.757127572534458,0.725786967952817,0.655764513491415,0.725786967952817,0.617944219251013,0.667538069407228,0.50987105928805,0.315071873650441,0.434110679252267,0.687535895892736
"237","recurrent","agnostic","IWR05-reg007","Myeloid",0.483695652173913,0.742213218536338,0.440351841671248,0.774167987321712,0.440351841671248,0.483695652173913,0.461007194244604,0.295450490633363,0.142908117752007,0.324531668153434,0.612954435355126
"238","recurrent","agnostic","IWR05-reg008","Myeloid",0.609306409130816,0.691829171446219,0.410200118213291,0.83427324962758,0.410200118213291,0.609306409130816,0.490310859911183,0.26022389764679,0.158556088645191,0.386533503051666,0.650567790288518
"239","recurrent","agnostic","IWR05-reg009","Myeloid",0.661273153076432,0.696733046986854,0.399948493432913,0.870618850126047,0.399948493432913,0.661273153076432,0.498435368691326,0.234112545481733,0.154812341125455,0.387080695808204,0.679003100031643
"240","recurrent","agnostic","IWR06-reg001","Myeloid",0.726430697982137,0.734958241009034,0.585443881631565,0.839073749756762,0.585443881631565,0.726430697982137,0.648361381753764,0.340044994375703,0.247019122609674,0.421934758155231,0.730694469495585
"241","recurrent","agnostic","IWR06-reg002","Myeloid",0.833409610983982,0.765247231321167,0.547504509921828,0.930929791271347,0.547504509921828,0.833409610983982,0.660860097985847,0.254187994416007,0.211842717543043,0.386924150767799,0.799328421152574
"242","recurrent","agnostic","IWR06-reg003","Myeloid",0.772107347118346,0.679628923624349,0.410430308699719,0.911694510739857,0.410430308699719,0.772107347118346,0.535959688502061,0.224117531058963,0.173042792348649,0.421613094064287,0.725868135371347
"243","recurrent","agnostic","IWR06-reg004","Myeloid",0.761479073547338,0.627199001871491,0.385438091320444,0.895439971499822,0.385438091320444,0.761479073547338,0.511812098866585,0.23491790759832,0.178885070637648,0.464108438335242,0.694339037709415
"244","recurrent","agnostic","IWR06-reg005","Myeloid",0.793698949824971,0.678105781057811,0.393862188766647,0.925776658270361,0.393862188766647,0.793698949824971,0.526470588235294,0.208566561207106,0.165539060598686,0.420296909223655,0.735902365441391
"245","recurrent","agnostic","IWR06-reg006","Myeloid",0.675840445915346,0.700289453813239,0.448918199699179,0.856735950731332,0.448918199699179,0.675840445915346,0.539488320355951,0.265381592936717,0.179355614108076,0.39952849812786,0.688064949864293
"246","recurrent","agnostic","IWR06-reg007","Myeloid",0.74805598755832,0.726908226908227,0.207327586206897,0.967965196756971,0.207327586206897,0.74805598755832,0.32467094161323,0.0871628033075776,0.0652026569066016,0.314490985495459,0.737482107233274
"247","recurrent","agnostic","IWR07-reg001","Myeloid",0.622039632672789,0.572515454113172,0.588746569075938,0.606243705941591,0.588746569075938,0.622039632672789,0.604935370152761,0.495925215723873,0.308485139022052,0.523969319271333,0.59727754339298
"248","recurrent","agnostic","IWR07-reg002","Myeloid",0.593220338983051,0.623626373626374,0.480151780502043,0.723461632753126,0.480151780502043,0.593220338983051,0.530730763026295,0.369487008660893,0.219187208527648,0.456495669553631,0.608423356304712
"249","recurrent","agnostic","IWR07-reg003","Myeloid",0.631178707224335,0.705698672911788,0.305709023941068,0.903096903096903,0.305709023941068,0.631178707224335,0.411910669975186,0.170336787564767,0.107512953367876,0.351683937823834,0.668438690068061
"250","recurrent","agnostic","IWR07-reg004","Myeloid",0.609950093574548,0.565130260521042,0.35323338150289,0.788176505462861,0.35323338150289,0.609950093574548,0.447380462136811,0.280257004239696,0.170942785960925,0.483937235019013,0.587540177047795
"251","recurrent","agnostic","IWR07-reg005","Myeloid",0.698961937716263,0.604322527015794,0.297935103244838,0.893120393120393,0.297935103244838,0.698961937716263,0.417786970010341,0.193699731903485,0.135388739946381,0.454423592493298,0.651642232366028
"252","recurrent","agnostic","IWR08-reg001","Myeloid",0.755255255255255,0.679850347407803,0.295708406819518,0.939785740672331,0.295708406819518,0.755255255255255,0.425010561892691,0.151088929219601,0.114110707803993,0.385889292196007,0.717552801331529
"253","recurrent","agnostic","IWR08-reg002","Myeloid",0.761510128913444,0.732680722891566,0.24969806763285,0.963366336633663,0.24969806763285,0.761510128913444,0.376080036380173,0.104604122519746,0.0796570988248892,0.319013677518783,0.747095425902505
"254","recurrent","agnostic","IWR08-reg003","Myeloid",0.840182648401826,0.712452830188679,0.325663716814159,0.964249233912155,0.325663716814159,0.840182648401826,0.469387755102041,0.141839378238342,0.119170984455959,0.365932642487047,0.776317739295253
"255","recurrent","agnostic","IWR08-reg004","Myeloid",0.805693069306931,0.724275990924863,0.320953163516845,0.95841059602649,0.320953163516845,0.805693069306931,0.459043365847926,0.139230327398047,0.112176909821941,0.349511774842045,0.764984530115897
"256","recurrent","agnostic","IWR08-reg005","Myeloid",0.768451519536903,0.704668558163528,0.316825775656325,0.944674965421853,0.316825775656325,0.768451519536903,0.448669201520913,0.151269702276708,0.116243432574431,0.366900175131349,0.736560038850216
"257","recurrent","agnostic","IWR08-reg006","Myeloid",0.782538399353274,0.705976910711676,0.324832214765101,0.947254901960784,0.324832214765101,0.782538399353274,0.459094142755513,0.153094059405941,0.11980198019802,0.368811881188119,0.744257655032475
"258","recurrent","agnostic","IWR08-reg007","Myeloid",0.684539767649687,0.750753555508385,0.206943131163042,0.961609570418706,0.206943131163042,0.684539767649687,0.317809355875946,0.0867677276780522,0.0593959601442252,0.287015857015469,0.717646661579036
"259","recurrent","agnostic","IWR09-reg001","Myeloid",0.465582535085765,0.692040593166689,0.206593189344141,0.88260912115874,0.206593189344141,0.465582535085765,0.286193557221595,0.146927420014729,0.0684068406840684,0.331118566402095,0.578811564126227
"260","recurrent","agnostic","IWR09-reg002","Myeloid",0.429915522280498,0.744414693331102,0.637383510417285,0.555475774225774,0.637383510417285,0.429915522280498,0.513485080336649,0.510996542482457,0.219685345444874,0.344667444096647,0.5871651078058
"261","recurrent","agnostic","IWR09-reg003","Myeloid",0.468275862068966,0.630660543977393,0.416680613668061,0.677957091323334,0.416680613668061,0.468275862068966,0.440974169741697,0.360370537731586,0.168752824220515,0.404993221870764,0.549468203023179
"262","recurrent","agnostic","IWR09-reg004","Myeloid",0.49423016123933,0.646108663729809,0.463769190832901,0.673503750191336,0.463769190832901,0.49423016123933,0.47851540080352,0.382443624931987,0.18901517441509,0.407563025210084,0.570169412484569
"263","recurrent","agnostic","IWR09-reg005","Myeloid",0.511188463451019,0.706755753526355,0.565456545654565,0.659508139937652,0.565456545654565,0.511188463451019,0.536954818490468,0.427417640807651,0.218490967056323,0.386397449521785,0.608972108488687
"264","recurrent","agnostic","IWR09-reg006","Myeloid",0.482160555004955,0.700980392156863,0.591849148418491,0.600840336134454,0.591849148418491,0.482160555004955,0.531403604587657,0.473486625997184,0.228296574378226,0.385734396996715,0.591570473580909
"265","recurrent","agnostic","IWR10-reg001","Myeloid",0.628304821150855,0.68006993006993,0.355633802816901,0.866852367688022,0.355633802816901,0.628304821150855,0.454187745924677,0.219379051518253,0.13783691572842,0.387581030365063,0.654187375610393
"266","recurrent","agnostic","IWR10-reg002","Myeloid",0.586345381526104,0.636574074074074,0.382699868938401,0.80019398642095,0.382699868938401,0.586345381526104,0.463124504361618,0.277591973244147,0.162764771460424,0.42530657748049,0.611459727800089
"267","recurrent","agnostic","IWR10-reg003","Myeloid",0.603282310241439,0.716718804310045,0.701081973225747,0.62127146730943,0.701081973225747,0.603282310241439,0.648515691263783,0.524108841286908,0.316185592589529,0.450996609048052,0.660000557275742
"268","recurrent","agnostic","IWR10-reg004","Myeloid",0.631931366394643,0.694226828974328,0.543458700737808,0.766059316398457,0.543458700737808,0.631931366394643,0.5843653250774,0.365478739675742,0.230957479351484,0.424977057204038,0.663079097684486
"269","recurrent","agnostic","IWR10-reg005","Myeloid",0.567879232623965,0.701296008294453,0.652807905519402,0.621348521036193,0.652807905519402,0.567879232623965,0.607389134944217,0.497237281067556,0.282370725604671,0.432547956630525,0.634587620459209
"270","recurrent","agnostic","IWR10-reg006","Myeloid",0.53314826910516,0.72818353419486,0.635584971773409,0.636906273812548,0.635584971773409,0.53314826910516,0.579877453156913,0.470678656521405,0.250941511029129,0.39481976788871,0.63066590165001
"271","recurrent","agnostic","IWR10-reg007","Myeloid",0.620398310199155,0.777986476333584,0.634959851760346,0.767037037037037,0.634959851760346,0.620398310199155,0.627594627594627,0.383653623523964,0.23801805973605,0.374855290576522,0.69919239326637
"272","recurrent","agnostic","IWR10-reg008","Myeloid",0.59708112748605,0.746524761077324,0.543784206411259,0.785480307762627,0.543784206411259,0.59708112748605,0.569187751483325,0.335993461852796,0.200615355031008,0.36892457093409,0.671802944281687
"273","recurrent","agnostic","IWR10-reg009","Myeloid",0.667815299793246,0.747328848436882,0.602799377916019,0.796667369753217,0.602799377916019,0.667815299793246,0.633643943109367,0.364756158873806,0.243589743589744,0.404097536450478,0.707572074115064
"274","recurrent","agnostic","IWR11-reg002","Myeloid",0.480392156862745,0.69811320754717,0.604938271604938,0.582677165354331,0.604938271604938,0.480392156862745,0.53551912568306,0.490384615384615,0.235576923076923,0.389423076923077,0.589252682204957
"275","recurrent","agnostic","IWR11-reg003","Myeloid",0.564271399942743,0.674110554470578,0.339301084524014,0.839129056125145,0.339301084524014,0.564271399942743,0.42377983229413,0.228749181401441,0.129076620825147,0.380419122462344,0.61919097720666
"276","recurrent","agnostic","IWR11-reg004","Myeloid",0.579629124625034,0.754461895413172,0.435821201558335,0.84578831532613,0.435821201558335,0.579629124625034,0.497542134831461,0.246554158542325,0.14290997108855,0.327909634908895,0.667045510019103
"277","recurrent","agnostic","IWR11-reg005","Myeloid",0.688859150217464,0.657834304893128,0.515265265265265,0.800171895143962,0.515265265265265,0.688859150217464,0.589549033643522,0.345549132947977,0.238034682080925,0.461965317919075,0.673346727555296
"278","recurrent","agnostic","IWR11-reg006","Myeloid",0.628520266970536,0.645520007291951,0.498193548387097,0.756300726185391,0.498193548387097,0.628520266970536,0.555819477434679,0.358945892251957,0.225604768026177,0.452845623466168,0.637020137131244
"279","recurrent","agnostic","IWR11-reg007","Myeloid",0.530981887511916,0.728221093451308,0.40177927386391,0.818728891618053,0.40177927386391,0.530981887511916,0.457432247467835,0.255822460675527,0.135837093037434,0.338088850953136,0.629601490481612
"280","primary","agnostic","IWP05-reg001","Other",0.0018796992481203,0.998627461331362,0.161290322580643,0.876923790098276,0.161290322580645,0.0018796992481203,0.00371609067261241,0.123131046613896,0.000231449335740406,0.00143498588159052,0.500253580289741
"281","primary","agnostic","IWP05-reg002","Other",0.00517959689224186,0.998007199794292,0.597402597402604,0.637315270935961,0.597402597402597,0.00517959689224186,0.0102701495869614,0.36342431558702,0.00188239145557965,0.00315095961042681,0.501593398343267
"282","primary","agnostic","IWP05-reg003","Other",0.00203495331577687,0.998611161872739,0.30909090909091,0.766208637128435,0.309090909090909,0.00203495331577687,0.00404328695445356,0.233907321853563,0.000475990480190396,0.00153996920061599,0.500323057594258
"283","primary","agnostic","IWP05-reg004","Other",0.00250980392156863,0.9982285556824,0.262295081967218,0.799508150203361,0.262295081967213,0.00250980392156863,0.00497203231821007,0.200610485241362,0.000503492982566555,0.00191956699603499,0.500369179801984
"284","primary","agnostic","IWP05-reg005","Other",0.000914355379457483,0.999225224011318,0.206896551724127,0.818990032855683,0.206896551724138,0.000914355379457483,0.00182066454255803,0.181030677554624,0.000165526373868903,0.000800044140366365,0.500069789695388
"285","primary","agnostic","IWP05-reg006","Other",0.00261389096340553,0.99781162464986,0.157303370786517,0.864892890563747,0.157303370786517,0.00261389096340553,0.00514233241505969,0.135156959725447,0.00035328555566771,0.00224588674674473,0.500212757806633
"286","primary","agnostic","IWP05-reg007","Other",0.00144927536231884,0.998842496899545,0.176470588235298,0.853901611535199,0.176470588235294,0.00144927536231884,0.00287494010541447,0.14613483939287,0.000211789622308507,0.00120014119308154,0.500145886130932
"287","primary","agnostic","IWP05-reg008","Other",0.00200784886374007,0.999138054877173,0.478260869565205,0.717842858985937,0.478260869565217,0.00200784886374007,0.00399890938834863,0.28238962913327,0.000566995695987217,0.001185536455246,0.500572951870456
"288","primary","agnostic","IWP05-reg010","Other",0.00132345156167284,0.999408143939394,0.333333333333327,0.817367733191345,0.333333333333333,0.00132345156167284,0.00263643553915107,0.182741607816581,0.000241849666247461,0.000725548998742382,0.500365797750533
"289","primary","agnostic","IWP06-reg001","Other",0.0110371408549404,0.993677006620546,0.425675675675677,0.702941640793559,0.425675675675676,0.0110371408549404,0.021516393442623,0.298052321027623,0.0032896454493238,0.00772805597618923,0.502357073737743
"290","primary","agnostic","IWP06-reg005","Other",0.0193850267379679,0.990434837329306,0.160220994475139,0.914739044519354,0.160220994475138,0.0193850267379679,0.0345855694692904,0.0860412952205671,0.00166791280842008,0.0104100764939322,0.504909932033637
"291","primary","agnostic","IWP06-reg006","Other",0.0105201636469901,0.987730654043088,0.066176470588235,0.923535522334131,0.0661764705882353,0.0105201636469901,0.0181543116490166,0.0763396243251684,0.000803105340650515,0.0121358140364967,0.499125408845039
"292","primary","agnostic","IWP06-reg007","Other",0.0110443170697609,0.995635481915539,0.42245989304813,0.776922834347703,0.422459893048128,0.0110443170697609,0.0215258855585831,0.224246034234121,0.0024766443037181,0.00586243651639601,0.50333989949265
"293","primary","agnostic","IWP07-reg001","Other",0.0191986644407346,0.983612461732397,0.252054794520548,0.777103291283316,0.252054794520548,0.0191986644407346,0.0356796587163079,0.223392848818237,0.00428884434292108,0.0170155237518064,0.501405563086566
"294","primary","agnostic","IWP07-reg002","Other",0.00816471423500177,0.990281387727427,0.211009174311926,0.758241758241758,0.211009174311927,0.00816471423500177,0.0157211209842789,0.24147094119664,0.00197154123092748,0.0093433910509172,0.499223050981214
"295","primary","agnostic","IWP07-reg003","Other",0.00904977375565611,0.99310895835414,0.158536585365853,0.874774576643941,0.158536585365854,0.00904977375565611,0.0171221600263418,0.125463994060876,0.00113542076073191,0.00716188479846282,0.501079366054898
"296","primary","agnostic","IWP07-reg004","Other",0.0112540192926045,0.990184099055067,0.148409893992933,0.868218992178851,0.148409893992933,0.0112540192926045,0.0209215442092154,0.131947390750955,0.00148493848112007,0.0100056569084995,0.500719059173836
"297","primary","agnostic","IWP07-reg006","Other",0.0169491525423729,0.983729474394542,0.0091324200913242,0.991236022967664,0.0091324200913242,0.0169491525423729,0.0118694362017804,0.00876997398736529,0.000148643626904496,0.0162764771460424,0.500339313468457
"298","primary","agnostic","IWP07-reg007","Other",0.0068,0.989802348897164,0.160377358490566,0.776738749269433,0.160377358490566,0.0068,0.0130468150422103,0.222667557336896,0.00151413938989089,0.00944110443108439,0.498301174448582
"299","primary","agnostic","IWP07-reg009","Other",0.0127465857359636,0.991302447552448,0.174273858921162,0.874566206524254,0.174273858921162,0.0127465857359636,0.0237556561085973,0.125883476599809,0.00160458452722063,0.009207258834766,0.502024516644206
"300","primary","agnostic","IWP08-reg001","Other",0.0482014388489209,0.996027879787154,0.716577540106954,0.833960843373494,0.716577540106952,0.0482014388489209,0.0903269295584766,0.172424486758048,0.00831110835452459,0.0115983377783291,0.522114659318038
"301","primary","agnostic","IWP08-reg002","Other",0.0561519405450041,0.981857686040196,0.549865229110512,0.72495387823855,0.549865229110512,0.0561519405450041,0.101898101898102,0.28298800436205,0.0158903255958872,0.0288985823336968,0.5190048132926
"302","primary","agnostic","IWP08-reg003","Other",0.0248577418388739,0.989749430523918,0.535483870967741,0.681034482758621,0.535483870967742,0.0248577418388739,0.0475100171722954,0.322203994982148,0.00800926372672006,0.0149570587667664,0.507303586181396
"303","primary","agnostic","IWP08-reg004","Other",0.0300690776107273,0.972293686918662,0.345794392523364,0.673013698630137,0.345794392523364,0.0300690776107273,0.0553271028037383,0.327521959009848,0.00984828320468459,0.0284801703486825,0.501181382264695
"304","primary","agnostic","IWP08-reg006","Other",0.0710934680620715,0.995142077593665,0.729629629629628,0.853149246919215,0.72962962962963,0.0710934680620715,0.129562643867149,0.155691650747275,0.0110686593999326,0.0151702438476233,0.533117772827868
"305","primary","agnostic","IWP08-reg007","Other",0.0474258179051484,0.992922859164897,0.60912052117264,0.817599067599068,0.609120521172638,0.0474258179051484,0.088,0.188669314321259,0.00894779654528925,0.0146896980716781,0.520174338535023
"306","primary","agnostic","IWP08-reg008","Other",0.0094722598105548,0.993812949640288,0.245614035087719,0.82511050053757,0.245614035087719,0.0094722598105548,0.0182410423452769,0.175367821547224,0.00166112956810631,0.00676317038443284,0.501642604725421
"307","primary","agnostic","IWP08-reg009","Other",0.0313127258129265,0.994958588404753,0.582089552238808,0.820794652803565,0.582089552238806,0.0313127258129265,0.0594285714285714,0.183175233473049,0.0057357158614604,0.00985366571071402,0.51313565710884
"308","primary","agnostic","IWP09-reg002","Other",0.0565635005336179,0.984315482859063,0.274611398963731,0.908583247156153,0.274611398963731,0.0565635005336179,0.0938053097345133,0.0950015208354456,0.00537361857447024,0.0195680827334482,0.520439491696341
"309","primary","agnostic","IWP09-reg003","Other",0.0620141342756184,0.987133520922211,0.382352941176472,0.891231305060438,0.382352941176471,0.0620141342756184,0.106719367588933,0.113819176319176,0.00705839768339768,0.0184604247104247,0.524573827598915
"310","primary","agnostic","IWP09-reg004","Other",0.087511825922422,0.978965866127057,0.318965517241379,0.905036183724708,0.318965517241379,0.087511825922422,0.137342242019302,0.101182214138707,0.00885464031015173,0.0277604939453405,0.533238846024739
"311","primary","agnostic","IWP09-reg005","Other",0.0515263043948907,0.985286849408813,0.380800000000001,0.855398224246625,0.3808,0.0515263043948907,0.0907704042715484,0.149375848910161,0.00769678546019016,0.0202121466916758,0.518406576901852
"312","primary","agnostic","IWP09-reg006","Other",0.118125484120837,0.984368252871578,0.45727136431784,0.909185179276513,0.457271364317841,0.118125484120837,0.187750076946753,0.1003108003108,0.0118492618492618,0.0259129759129759,0.551246868496207
"313","primary","agnostic","IWP10-reg001","Other",0.00954003407155026,0.998793229381689,0.688524590163926,0.782908493478044,0.688524590163934,0.00954003407155026,0.018819312198947,0.218518886186529,0.0020846776194967,0.00302774606641187,0.50416663172662
"314","primary","agnostic","IWP10-reg002","Other",0.0031958163858222,0.998091448063023,0.318840579710149,0.781749944340193,0.318840579710145,0.0031958163858222,0.00632820365309938,0.218470326880355,0.000698191050460171,0.00218978102189781,0.500643632224423
"315","primary","agnostic","IWP10-reg003","Other",0.0152618799861256,0.996174782992497,0.503816793893132,0.798994619088077,0.50381679389313,0.0152618799861256,0.0296263045673886,0.202866256977999,0.00309612046723273,0.00614533001829526,0.505718331489311
"316","primary","agnostic","IWP10-reg004","Other",0.00660660660660661,0.998225957049486,0.536585365853659,0.76369740695764,0.536585365853659,0.00660660660660661,0.0130525066745773,0.237179487179487,0.00156695156695157,0.00292022792022792,0.502416281828047
"317","primary","agnostic","IWP10-reg005","Other",0.00533843674456084,0.998824681684623,0.557894736842103,0.783290905898876,0.557894736842105,0.00533843674456084,0.0105756759453258,0.217418916847338,0.00116067713466045,0.00208045901495741,0.502081559214592
"318","primary","agnostic","IWP10-reg006","Other",0.00666120106579217,0.998451401329973,0.560344827586212,0.772331180270112,0.560344827586207,0.00666120106579217,0.0131658902167308,0.228572767093767,0.00152256915977607,0.00271720034667729,0.502556301197883
"319","primary","agnostic","IWP10-reg007","Other",0.0480392156862745,0.997112004018081,0.809917355371904,0.803500961246585,0.809917355371901,0.0480392156862745,0.0906987505784359,0.203918432626949,0.00979608156737305,0.0120951619352259,0.522575609852178
"320","primary","agnostic","IWP11-reg003","Other",0.00941080196399345,0.987823347670685,0.186234817813765,0.77104217892945,0.186234817813765,0.00941080196399345,0.0179162609542356,0.228464594531433,0.00215003505491937,0.0115447534470671,0.498617074817339
"321","primary","agnostic","IWP11-reg004","Other",0.0303490136570561,0.984578148757253,0.194489465153971,0.892194353840963,0.194489465153971,0.0303490136570561,0.052504922336469,0.109283878278655,0.00331665791437495,0.0170531494430779,0.507463581207155
"322","primary","agnostic","IWP11-reg005","Other",0.0399025852379168,0.990828693088765,0.487414187643022,0.825234441602728,0.487414187643021,0.0399025852379168,0.0737662337662338,0.179356226060077,0.00715677709831329,0.0146831530139104,0.515365639163341
"323","primary","agnostic","IWP11-reg006","Other",0.00768049155145929,0.980101180438449,0.0781249999999998,0.818130630630631,0.078125,0.00768049155145929,0.013986013986014,0.180033185840708,0.00138274336283186,0.0176991150442478,0.493890835994954
"324","recurrent","agnostic","IWR05-reg001","Other",0.0050310246520208,0.993573407202216,0.205479452054795,0.751414086395441,0.205479452054795,0.0050310246520208,0.00982157472581437,0.248323824595011,0.00124932328322159,0.00608003997834506,0.499302215927118
"325","recurrent","agnostic","IWR05-reg002","Other",0.00886754110474783,0.993518676445506,0.240000000000001,0.812837955695099,0.24,0.00886754110474783,0.017103153393907,0.187528148276459,0.00166291356313875,0.00692880651307812,0.501193108775127
"326","recurrent","agnostic","IWR05-reg003","Other",0.0207100591715976,0.99627114129711,0.5,0.849630891538898,0.5,0.0207100591715976,0.0397727272727273,0.152578715720573,0.00315991423089945,0.00631982846179889,0.508490600234354
"327","recurrent","agnostic","IWR05-reg004","Other",0.00839817216252933,0.995539001256009,0.397660818713451,0.741125261970014,0.39766081871345,0.00839817216252933,0.0164489598451863,0.259635733983198,0.00218046559353556,0.00548322965433207,0.501968586709269
"328","recurrent","agnostic","IWR05-reg005","Other",0.00524205982115325,0.989925689491796,0.14406779661017,0.754686133607087,0.14406779661017,0.00524205982115325,0.0101160368937816,0.244413460451445,0.00128122998078155,0.00889324339601311,0.497583874656475
"329","recurrent","agnostic","IWR05-reg006","Other",0.0020550760378134,0.99637049941928,0.090909090909091,0.849696669555528,0.0909090909090909,0.0020550760378134,0.00401929260450161,0.150101795298908,0.000308470602751558,0.00339317663026714,0.499212787728547
"330","recurrent","agnostic","IWR05-reg007","Other",0.00661313179026925,0.993405963302752,0.37837837837838,0.622306034482759,0.378378378378378,0.00661313179026925,0.0129990714948932,0.377698483496878,0.00249776984834969,0.00660124888492418,0.500009547546511
"331","recurrent","agnostic","IWR05-reg008","Other",0.003425126729689,0.997300771208226,0.284090909090911,0.761906320578704,0.284090909090909,0.003425126729689,0.00676864762420468,0.238225790658964,0.000815953523287314,0.00287215640197134,0.500362948968958
"332","recurrent","agnostic","IWR05-reg009","Other",0.00290818446198587,0.998688438586137,0.411764705882347,0.760347496130611,0.411764705882353,0.00290818446198587,0.00577557755775578,0.239944175846085,0.00069780192393959,0.00169466181528186,0.500798311524061
"333","recurrent","agnostic","IWR06-reg001","Other",0.0721649484536082,0.987091522270031,0.159090909090909,0.969171043617264,0.159090909090909,0.0721649484536082,0.099290780141844,0.0327334083239595,0.00236220472440945,0.0148481439820022,0.52962823536182
"334","recurrent","agnostic","IWR06-reg002","Other",0.00727679820878813,0.998898597547544,0.634146341463408,0.793189901463471,0.634146341463415,0.00727679820878813,0.0143884892086331,0.207829222894369,0.00151233131689158,0.0023848301535598,0.503087697878166
"335","recurrent","agnostic","IWR06-reg003","Other",0.0106681639528355,0.99491974274442,0.168141592920355,0.912646869267761,0.168141592920354,0.0106681639528355,0.0200633579725449,0.0878031946361664,0.000936698875961349,0.00557089331492802,0.502793953348628
"336","recurrent","agnostic","IWR06-reg004","Other",0.0130023640661939,0.994184839044652,0.164179104477613,0.919780958785666,0.164179104477612,0.0130023640661939,0.0240963855421687,0.0807560137457045,0.0010500190912562,0.00639557082856052,0.503593601555423
"337","recurrent","agnostic","IWR06-reg005","Other",0.00321543408360129,0.99844400943633,0.060606060606059,0.969773790951638,0.0606060606060606,0.00321543408360129,0.00610687022900763,0.0302750060842054,9.73472864443904e-05,0.00160623022633244,0.500829721759966
"338","recurrent","agnostic","IWR06-reg006","Other",0.0112426035502959,0.994566201775041,0.387755102040816,0.76668528344038,0.387755102040816,0.0112426035502959,0.0218516388729155,0.234364165857717,0.0026348634031341,0.00679517403966163,0.502904402662668
"339","recurrent","agnostic","IWR06-reg007","Other",0.0117647058823529,0.998436833878073,0.266666666666665,0.954360228198859,0.266666666666667,0.0117647058823529,0.0225352112676056,0.0460891961501966,0.000542225837061136,0.00203334688897926,0.505100769880213
"340","recurrent","agnostic","IWR07-reg001","Other",0.0186480186480186,0.991717873363612,0.205128205128205,0.898136946527946,0.205128205128205,0.0186480186480186,0.0341880341880342,0.102828379674017,0.00191754554170662,0.00934803451581975,0.505182946005815
"341","recurrent","agnostic","IWR07-reg002","Other",0.00459770114942529,0.99517709118312,0.111111111111111,0.884054090239657,0.111111111111111,0.00459770114942529,0.00883002207505519,0.115922718187875,0.000532978014656895,0.00479680213191206,0.499887396166273
"342","recurrent","agnostic","IWR07-reg003","Other",0.0260869565217391,0.991602519244227,0.2,0.926749509483322,0.2,0.0260869565217391,0.0461538461538462,0.0744818652849741,0.00194300518134715,0.00971502590673575,0.508844737882983
"343","recurrent","agnostic","IWR07-reg004","Other",0.00199203187250996,0.997810251597623,0.0200000000000004,0.978054229269788,0.02,0.00199203187250996,0.0036231884057971,0.021941518423008,4.37082040298964e-05,0.00218541020149482,0.499901141735066
"344","recurrent","agnostic","IWR07-reg005","Other",0,0.9896408839779,0,0.970209884901828,0,0,NA,0.0294906166219839,0,0.0100536193029491,0.49482044198895
"345","recurrent","agnostic","IWR08-reg001","Other",0.0231246474901297,0.997722960151803,0.872340425531913,0.602843384544829,0.872340425531915,0.0231246474901297,0.045054945054945,0.402223230490018,0.00930127041742287,0.0106624319419238,0.510423803820966
"346","recurrent","agnostic","IWR08-reg002","Other",0.0324449594438007,0.994372294372294,0.741721854304635,0.673541198318835,0.741721854304636,0.0324449594438007,0.0621704135442687,0.332498555191678,0.0107879021383163,0.0145444037757657,0.513408626908048
"347","recurrent","agnostic","IWR08-reg003","Other",0.030812324929972,0.993975903614458,0.814814814814816,0.543836519446276,0.814814814814815,0.030812324929972,0.0593792172739541,0.462435233160622,0.0142487046632124,0.0174870466321244,0.512394114272215
"348","recurrent","agnostic","IWR08-reg004","Other",0.0302672026483802,0.993247856763523,0.589861751152073,0.761472692374804,0.589861751152074,0.0302672026483802,0.0575798470535313,0.24290637564618,0.00735209649626651,0.0124641010913268,0.511757529705952
"349","recurrent","agnostic","IWR08-reg005","Other",0.0491958372753075,0.994303617203076,0.722222222222222,0.776467971530249,0.722222222222222,0.0491958372753075,0.0921169176262179,0.231392294220666,0.0113835376532399,0.0157618213660245,0.521749727239192
"350","recurrent","agnostic","IWR08-reg006","Other",0.0292935094773119,0.990061523899669,0.447368421052632,0.787848355510921,0.447368421052632,0.0292935094773119,0.0549865229110512,0.215470297029703,0.00631188118811881,0.0141089108910891,0.50967751668849
"351","recurrent","agnostic","IWR08-reg007","Other",0.0553830227743271,0.990013224497241,0.494226327944572,0.856072555205047,0.494226327944573,0.0553830227743271,0.0996043751454503,0.149808087465591,0.00829682471988524,0.0167875004846276,0.522698123635784
"352","recurrent","agnostic","IWR09-reg001","Other",0.105214439987658,0.966507673164662,0.149627029398859,0.950702070513039,0.149627029398859,0.105214439987658,0.123550724637681,0.0530398494394894,0.00558055805580558,0.0372964569184191,0.53586105657616
"353","recurrent","agnostic","IWR09-reg002","Other",0.0453035336756267,0.977725596910112,0.128755364806867,0.93375110030599,0.128755364806867,0.0453035336756267,0.0670241286863271,0.0677387016919331,0.00306880255324372,0.0238343664968596,0.51151456529287
"354","recurrent","agnostic","IWR09-reg003","Other",0.0478575403450195,0.983450548369645,0.203550295857988,0.921179315904641,0.203550295857988,0.0478575403450195,0.0774949312908313,0.0812019882512427,0.00388612742882964,0.0190917306823317,0.515654044357332
"355","recurrent","agnostic","IWR09-reg004","Other",0.0265017667844523,0.984629115430385,0.138888888888889,0.915340175772847,0.138888888888889,0.0265017667844523,0.0445103857566766,0.0855450093706547,0.00226709388791488,0.0163230759929871,0.505565441107419
"356","recurrent","agnostic","IWR09-reg005","Other",0.0454545454545455,0.979520253451007,0.1256038647343,0.940671520156471,0.1256038647343,0.0454545454545455,0.0667522464698331,0.0607863974495218,0.00276301806588735,0.0219978746014878,0.512487399452776
"357","recurrent","agnostic","IWR09-reg006","Other",0.0428211586901763,0.979042690815006,0.173469387755102,0.908741594620557,0.173469387755102,0.0428211586901763,0.0686868686868687,0.0931487564523698,0.00398873768183951,0.0229938995776631,0.510931924752591
"358","recurrent","agnostic","IWR10-reg001","Other",0.0164835164835165,0.985975847292559,0.142857142857143,0.876081689165801,0.142857142857143,0.0164835164835165,0.0295566502463054,0.124189696349369,0.00204708290685773,0.0143295803480041,0.501229681888038
"359","recurrent","agnostic","IWR10-reg002","Other",0.0208333333333333,0.986827033218786,0.0416666666666668,0.973446327683616,0.0416666666666667,0.0208333333333333,0.0277777777777778,0.0267558528428094,0.000557413600891862,0.0133779264214047,0.50383018327606
"360","recurrent","agnostic","IWR10-reg003","Other",0.00236406619385343,0.998336721493254,0.142857142857142,0.895111847555924,0.142857142857143,0.00236406619385343,0.00465116279069767,0.104954098089488,0.000248118435199735,0.00173682904639815,0.500350393843554
"361","recurrent","agnostic","IWR10-reg004","Other",0.0078740157480315,0.996371039121968,0.254545454545452,0.864526534060364,0.254545454545455,0.0078740157480315,0.0152755046372068,0.135974304068522,0.00107066381156317,0.00420617925971245,0.502122527435
"362","recurrent","agnostic","IWR10-reg005","Other",0.00749063670411985,0.995369211514393,0.244897959183672,0.833385727758566,0.244897959183673,0.00749063670411985,0.0145366444579043,0.167014178482068,0.00125104253544621,0.00510842368640534,0.501429924109256
"363","recurrent","agnostic","IWR10-reg006","Other",0.0104662226450999,0.997066642222018,0.407407407407403,0.839469012888786,0.407407407407407,0.0104662226450999,0.0204081632653061,0.161555606794251,0.00169087695027285,0.0041503343324879,0.503766432433559
"364","recurrent","agnostic","IWR10-reg007","Other",0.0121703853955375,0.995033978044956,0.239999999999998,0.886585933861202,0.24,0.0121703853955375,0.0231660231660232,0.114146793239176,0.00138921046538551,0.00578837693910627,0.503602181720247
"365","recurrent","agnostic","IWR10-reg008","Other",0.00674157303370787,0.993158430396924,0.147887323943661,0.850234764509415,0.147887323943662,0.00674157303370787,0.012895302425545,0.149752415749243,0.0010095668477477,0.00682659487524638,0.499950001715316
"366","recurrent","agnostic","IWR10-reg009","Other",0,0.997725204731574,0,0.828485077446165,0,0,NA,0.171191553544495,0,0.00188536953242836,0.498862602365787
"367","recurrent","agnostic","IWR11-reg002","Other",0,1,NA,0.954326923076923,NA,0,NA,0.0456730769230769,0,0,0.5
"368","recurrent","agnostic","IWR11-reg003","Other",0.0147058823529412,0.995747177005426,0.292682926829269,0.894126942322886,0.292682926829268,0.0147058823529412,0.0280046674445741,0.106876227897839,0.00157170923379175,0.00537000654878847,0.505226529679184
"369","recurrent","agnostic","IWR11-reg004","Other",0.0131267484398537,0.994940037451691,0.324468085106385,0.844847418634549,0.324468085106383,0.0131267484398537,0.0252326783867632,0.156222685403079,0.00205069589188462,0.00632017750285753,0.504033392945773
"370","recurrent","agnostic","IWR11-reg005","Other",0.00215285252960172,0.992358502784613,0.0327868852459015,0.892071253929445,0.0327868852459016,0.00215285252960172,0.00404040404040404,0.107398843930636,0.00023121387283237,0.00705202312138728,0.497255677657108
"371","recurrent","agnostic","IWR11-reg006","Other",0.00566037735849057,0.996947801171048,0.10909090909091,0.938214432264494,0.109090909090909,0.00566037735849057,0.010762331838565,0.0619375949515017,0.00035059016010284,0.00321374313427603,0.501304089264769
"372","recurrent","agnostic","IWR11-reg007","Other",0.0260598988720342,0.987790486564996,0.199404761904762,0.896814604194997,0.199404761904762,0.0260598988720342,0.0460956312349501,0.104499451286428,0.00272324513270739,0.0136568711132789,0.506925192718515
